system,qid,doc_precision@k,doc_recall@k,doc_ndcg@k,doc_mrr,sent_precision@k,sent_recall@k,sent_ndcg@k,sent_mrr,evidence_precision,evidence_recall,evidence_f1,full_rationale_recovered,verdict_correct,fever_score,json_valid
Agentic,1000,0.20000000000000004,1.0,1.0,1.0,0.20000000000000004,1.0,1.0,1.0,0.6666666666666666,1.0,0.7777777777777777,1.0,1.0,1.0,1.0
Agentic,1004,0.6,1.0,1.0,1.0,0.8000000000000002,0.5,0.8687949224876582,1.0,1.0,0.375,0.5454545454545454,1.0,1.0,1.0,1.0
Agentic,1005,0.6,1.0,1.0,1.0,0.6,0.375,0.722726572644952,1.0,1.0,0.3333333333333333,0.4969696969696969,1.0,1.0,1.0,1.0
Agentic,1023,0.20000000000000004,1.0,1.0,1.0,0.20000000000000004,1.0,0.6309297535714575,0.5,0.5,1.0,0.6666666666666666,1.0,1.0,1.0,1.0
Agentic,1040,0.20000000000000004,1.0,0.5,0.3333333333333333,0.0,0.0,0.0,0.0,0.0,0.0,0.0,0.0,0.0,0.0,1.0
Agentic,1045,0.20000000000000004,1.0,1.0,1.0,0.6,0.75,0.8318724637288826,1.0,1.0,0.5,0.6666666666666666,1.0,1.0,1.0,1.0
Agentic,1050,0.20000000000000004,1.0,1.0,1.0,0.20000000000000004,0.5,0.38685280723454163,0.5,0.8333333333333334,0.5,0.611111111111111,0.0,1.0,0.0,1.0
Agentic,108,0.6,1.0,1.0,1.0,0.6,0.3333333333333333,0.6992148198508502,1.0,1.0,0.2962962962962963,0.45454545454545453,1.0,1.0,1.0,1.0
Agentic,1084,0.20000000000000004,1.0,1.0,1.0,0.20000000000000004,1.0,0.38685280723454163,0.20000000000000004,0.6666666666666666,1.0,0.7777777777777777,1.0,1.0,1.0,1.0
Agentic,109,0.20000000000000004,1.0,1.0,1.0,0.20000000000000004,1.0,1.0,1.0,0.3333333333333333,1.0,0.5,1.0,1.0,1.0,1.0
Agentic,1090,0.20000000000000004,1.0,1.0,1.0,0.20000000000000004,1.0,0.38685280723454163,0.20000000000000004,0.3333333333333333,1.0,0.5,1.0,1.0,1.0,1.0
Agentic,1105,0.20000000000000004,1.0,1.0,1.0,0.4000000000000001,0.6666666666666666,0.6713860725233042,1.0,0.8888888888888888,0.6666666666666666,0.7555555555555555,1.0,1.0,1.0,1.0
Agentic,1141,0.20000000000000004,1.0,1.0,1.0,0.6,1.0,0.6797310500037655,0.5,1.0,1.0,1.0,1.0,1.0,1.0,1.0
Agentic,1142,0.20000000000000004,1.0,1.0,1.0,0.0,0.0,0.0,0.0,0.0,0.0,0.0,0.0,1.0,0.0,1.0
Agentic,1145,0.20000000000000004,1.0,1.0,1.0,0.4000000000000001,0.6666666666666666,0.6713860725233042,1.0,0.5,0.6666666666666666,0.5714285714285715,1.0,0.0,0.0,1.0
Agentic,1153,0.20000000000000004,1.0,1.0,1.0,0.4000000000000001,1.0,0.9197207891481876,1.0,0.5,0.6666666666666666,0.5555555555555555,1.0,1.0,1.0,1.0
Agentic,1158,0.20000000000000004,1.0,1.0,1.0,0.20000000000000004,1.0,1.0,1.0,1.0,1.0,1.0,1.0,1.0,1.0,1.0
Agentic,116,0.20000000000000004,1.0,1.0,1.0,0.20000000000000004,1.0,0.5,0.3333333333333333,0.0,0.0,0.0,0.0,0.0,0.0,1.0
Agentic,1171,0.20000000000000004,1.0,1.0,1.0,0.4000000000000001,1.0,1.0,1.0,1.0,1.0,1.0,1.0,1.0,1.0,1.0
Agentic,1210,0.20000000000000004,1.0,1.0,1.0,0.20000000000000004,1.0,0.5,0.3333333333333333,0.3333333333333333,1.0,0.5,1.0,1.0,1.0,1.0
Agentic,122,0.20000000000000004,1.0,1.0,1.0,0.20000000000000004,1.0,1.0,1.0,0.8333333333333334,1.0,0.8888888888888888,1.0,1.0,1.0,1.0
Agentic,1227,0.20000000000000004,1.0,1.0,1.0,0.20000000000000004,1.0,1.0,1.0,1.0,1.0,1.0,1.0,1.0,1.0,1.0
Agentic,1234,0.20000000000000004,1.0,1.0,1.0,0.20000000000000004,1.0,1.0,1.0,0.5,1.0,0.6666666666666666,1.0,1.0,1.0,1.0
Agentic,1238,0.20000000000000004,1.0,1.0,1.0,0.20000000000000004,1.0,1.0,1.0,1.0,1.0,1.0,1.0,1.0,1.0,1.0
Agentic,1258,0.20000000000000004,1.0,0.6309297535714575,0.5,0.20000000000000004,1.0,0.6309297535714575,0.5,1.0,1.0,1.0,1.0,0.0,0.0,1.0
Agentic,1265,0.20000000000000004,1.0,1.0,1.0,0.4000000000000001,1.0,1.0,1.0,1.0,1.0,1.0,1.0,1.0,1.0,1.0
Agentic,1276,0.20000000000000004,1.0,1.0,1.0,0.20000000000000004,1.0,0.6309297535714575,0.5,1.0,1.0,1.0,1.0,1.0,1.0,1.0
Agentic,1311,0.20000000000000004,1.0,0.6309297535714575,0.5,0.20000000000000004,0.20000000000000004,0.21398626473452756,0.5,0.5,0.20000000000000004,0.28571428571428575,1.0,1.0,1.0,1.0
Agentic,1312,0.20000000000000004,1.0,1.0,1.0,0.20000000000000004,1.0,1.0,1.0,1.0,1.0,1.0,1.0,1.0,1.0,1.0
Agentic,1324,0.20000000000000004,1.0,1.0,1.0,0.4000000000000001,1.0,0.9197207891481876,1.0,0.6666666666666666,0.5,0.5555555555555555,1.0,1.0,1.0,1.0
Agentic,1333,0.20000000000000004,1.0,1.0,1.0,0.20000000000000004,1.0,1.0,1.0,0.3333333333333333,1.0,0.5,1.0,1.0,1.0,1.0
Agentic,1355,0.20000000000000004,1.0,1.0,1.0,0.20000000000000004,1.0,1.0,1.0,1.0,1.0,1.0,1.0,1.0,1.0,1.0
Agentic,1360,0.20000000000000004,1.0,1.0,1.0,0.20000000000000004,1.0,1.0,1.0,0.5,1.0,0.6666666666666666,1.0,1.0,1.0,1.0
Agentic,1366,0.20000000000000004,1.0,1.0,1.0,0.4000000000000001,1.0,0.9197207891481876,1.0,0.5555555555555555,1.0,0.7111111111111111,1.0,1.0,1.0,1.0
Agentic,1367,0.20000000000000004,1.0,1.0,1.0,0.4000000000000001,1.0,0.5012658353418871,0.25,0.6666666666666666,1.0,0.8000000000000002,1.0,1.0,1.0,1.0
Agentic,1373,0.20000000000000004,1.0,1.0,1.0,0.6,0.75,0.6096199500078984,0.5,0.75,0.75,0.75,1.0,1.0,1.0,1.0
Agentic,1381,0.20000000000000004,1.0,1.0,1.0,0.4000000000000001,1.0,0.6934264036172708,0.5,0.6666666666666666,1.0,0.8000000000000002,1.0,0.0,0.0,1.0
Agentic,1391,0.20000000000000004,1.0,1.0,1.0,0.20000000000000004,1.0,0.5,0.3333333333333333,0.3333333333333333,1.0,0.5,1.0,1.0,1.0,1.0
Agentic,1393,0.20000000000000004,1.0,0.8333333333333334,0.7777777777777777,0.20000000000000004,1.0,0.8333333333333334,0.7777777777777777,1.0,1.0,1.0,1.0,1.0,1.0,1.0
Agentic,1406,0.20000000000000004,1.0,1.0,1.0,0.20000000000000004,1.0,1.0,1.0,0.5,1.0,0.6666666666666666,1.0,1.0,1.0,1.0
Agentic,144,0.20000000000000004,1.0,1.0,1.0,0.20000000000000004,0.3333333333333333,0.46927872602275644,1.0,1.0,0.3333333333333333,0.5,1.0,1.0,1.0,1.0
Agentic,152,0.20000000000000004,1.0,1.0,1.0,0.4000000000000001,1.0,1.0,1.0,0.6666666666666666,1.0,0.8000000000000002,1.0,0.0,0.0,1.0
Agentic,156,0.0,0.0,0.0,0.0,0.0,0.0,0.0,0.0625,0.0,0.0,0.0,0.0,1.0,0.0,1.0
Agentic,157,0.20000000000000004,1.0,1.0,1.0,0.20000000000000004,1.0,1.0,1.0,1.0,1.0,1.0,1.0,1.0,1.0,1.0
Agentic,166,0.20000000000000004,1.0,1.0,1.0,0.20000000000000004,0.5,0.2640681225725909,0.25,1.0,0.5,0.6666666666666666,1.0,1.0,1.0,1.0
Agentic,178,0.6,0.75,0.75369761125927,1.0,0.4000000000000001,0.2857142857142857,0.27727342735504823,0.25,1.0,0.2857142857142857,0.4444444444444445,1.0,1.0,1.0,1.0
Agentic,203,0.20000000000000004,1.0,1.0,1.0,0.8000000000000002,0.8000000000000002,0.7860137352654725,1.0,1.0,0.6,0.7499999999999999,1.0,1.0,1.0,1.0
Agentic,22,0.20000000000000004,1.0,1.0,1.0,0.20000000000000004,1.0,1.0,1.0,0.8333333333333334,1.0,0.8888888888888888,1.0,1.0,1.0,1.0
Agentic,235,0.20000000000000004,1.0,1.0,1.0,0.4000000000000001,0.6666666666666666,0.7653606369886217,1.0,0.6666666666666666,0.6666666666666666,0.6666666666666666,1.0,1.0,1.0,1.0
Agentic,242,0.20000000000000004,1.0,1.0,1.0,0.20000000000000004,1.0,0.6309297535714575,0.5,0.5,1.0,0.6666666666666666,1.0,1.0,1.0,1.0
Agentic,245,0.20000000000000004,1.0,1.0,1.0,0.0,0.0,0.0,0.13888888888888887,0.0,0.0,0.0,0.0,1.0,0.0,1.0
Agentic,256,0.20000000000000004,1.0,1.0,1.0,0.20000000000000004,1.0,0.6309297535714575,0.5,0.3333333333333333,1.0,0.5,1.0,1.0,1.0,1.0
Agentic,283,0.20000000000000004,1.0,1.0,1.0,0.20000000000000004,1.0,1.0,1.0,0.5,1.0,0.6666666666666666,1.0,1.0,1.0,1.0
Agentic,290,0.20000000000000004,1.0,1.0,1.0,0.20000000000000004,0.3333333333333333,0.27560106164770287,0.4444444444444444,0.3333333333333333,0.3333333333333333,0.3333333333333333,1.0,1.0,1.0,1.0
Agentic,308,0.20000000000000004,1.0,1.0,1.0,0.6,1.0,0.9674679834891693,1.0,1.0,0.3333333333333333,0.5,1.0,1.0,1.0,1.0
Agentic,330,0.20000000000000004,1.0,1.0,1.0,0.20000000000000004,1.0,1.0,1.0,1.0,1.0,1.0,1.0,1.0,1.0,1.0
Agentic,331,0.20000000000000004,1.0,1.0,1.0,0.20000000000000004,1.0,1.0,1.0,0.5,1.0,0.6666666666666666,1.0,1.0,1.0,1.0
Agentic,332,0.20000000000000004,1.0,1.0,1.0,0.4000000000000001,1.0,1.0,1.0,1.0,1.0,1.0,1.0,1.0,1.0,1.0
Agentic,334,0.20000000000000004,1.0,1.0,1.0,0.4000000000000001,0.6666666666666666,0.7243989383522971,1.0,0.611111111111111,0.5555555555555555,0.5777777777777778,1.0,1.0,1.0,1.0
Agentic,339,0.20000000000000004,1.0,1.0,1.0,0.4000000000000001,0.5,0.6366824387328317,1.0,1.0,0.5,0.6666666666666666,1.0,1.0,1.0,1.0
Agentic,340,0.20000000000000004,1.0,1.0,1.0,0.4000000000000001,0.6666666666666666,0.5307212739772434,0.5,1.0,0.6666666666666666,0.8000000000000002,1.0,1.0,1.0,1.0
Agentic,342,0.20000000000000004,1.0,0.6309297535714575,0.5,0.0,0.0,0.0,0.0,0.0,0.0,0.0,0.0,1.0,0.0,1.0
Agentic,366,0.20000000000000004,1.0,1.0,1.0,0.20000000000000004,1.0,1.0,1.0,1.0,1.0,1.0,1.0,0.0,0.0,1.0
Agentic,381,0.20000000000000004,1.0,0.6309297535714575,0.5,0.4000000000000001,1.0,0.5437713091520254,0.3333333333333333,0.25,0.5,0.3333333333333333,1.0,1.0,1.0,1.0
Agentic,382,0.20000000000000004,1.0,0.6309297535714575,0.5,0.20000000000000004,0.25,0.24630238874073,0.5,0.0,0.0,0.0,0.0,0.0,0.0,1.0
Agentic,396,0.20000000000000004,1.0,1.0,1.0,0.20000000000000004,0.3333333333333333,0.2960819109658652,0.5,0.6666666666666666,0.3333333333333333,0.43333333333333335,1.0,1.0,1.0,1.0
Agentic,400,0.20000000000000004,1.0,1.0,1.0,0.4000000000000001,1.0,0.8503449055347546,1.0,1.0,1.0,1.0,1.0,1.0,1.0,1.0
Agentic,414,0.20000000000000004,1.0,0.5,0.3333333333333333,0.20000000000000004,1.0,0.43067655807339306,0.25,0.5,1.0,0.6666666666666666,1.0,1.0,1.0,1.0
Agentic,430,0.20000000000000004,1.0,0.6309297535714575,0.5,0.0,0.0,0.0,0.025641025641025644,0.0,0.0,0.0,0.0,1.0,0.0,1.0
Agentic,441,0.20000000000000004,1.0,1.0,1.0,0.20000000000000004,1.0,1.0,1.0,1.0,1.0,1.0,1.0,0.0,0.0,1.0
Agentic,46,0.20000000000000004,1.0,1.0,1.0,0.20000000000000004,1.0,1.0,1.0,0.5,1.0,0.6666666666666666,1.0,1.0,1.0,1.0
Agentic,466,0.20000000000000004,1.0,1.0,1.0,0.4000000000000001,0.6666666666666666,0.5307212739772434,0.5,0.16666666666666666,0.2222222222222222,0.1904761904761905,0.0,1.0,0.0,1.0
Agentic,47,0.20000000000000004,1.0,0.8769765845238192,0.8333333333333334,0.20000000000000004,1.0,0.8769765845238192,0.8333333333333334,0.4444444444444444,1.0,0.611111111111111,1.0,1.0,1.0,1.0
Agentic,482,0.20000000000000004,1.0,1.0,1.0,0.20000000000000004,1.0,0.6309297535714575,0.5,0.5,1.0,0.6666666666666666,1.0,1.0,1.0,1.0
Agentic,500,0.20000000000000004,1.0,1.0,1.0,0.20000000000000004,1.0,0.5,0.3333333333333333,0.5,1.0,0.6666666666666666,1.0,1.0,1.0,1.0
Agentic,505,0.20000000000000004,1.0,1.0,1.0,0.4000000000000001,1.0,0.9197207891481876,1.0,0.6666666666666666,1.0,0.8000000000000002,1.0,1.0,1.0,1.0
Agentic,515,0.20000000000000004,1.0,1.0,1.0,0.20000000000000004,0.5,0.6131471927654584,1.0,0.5,0.5,0.5,1.0,1.0,1.0,1.0
Agentic,531,0.6,1.0,0.9674679834891693,1.0,0.6,1.0,0.9674679834891693,1.0,0.75,1.0,0.8571428571428571,1.0,1.0,1.0,1.0
Agentic,541,0.4000000000000001,1.0,1.0,1.0,0.4000000000000001,0.6666666666666666,0.6822300780269143,1.0,0.5555555555555555,0.6666666666666666,0.6031746031746033,1.0,1.0,1.0,1.0
Agentic,547,0.20000000000000004,1.0,1.0,1.0,0.4000000000000001,1.0,1.0,1.0,1.0,1.0,1.0,1.0,1.0,1.0,1.0
Agentic,548,0.20000000000000004,1.0,1.0,1.0,0.20000000000000004,0.3333333333333333,0.2129513520041578,0.27777777777777773,0.3333333333333333,0.3333333333333333,0.3333333333333333,1.0,1.0,1.0,1.0
Agentic,55,0.20000000000000004,1.0,0.6309297535714575,0.5,0.6,1.0,0.7122630665145961,0.5,0.6666666666666666,0.6666666666666666,0.6666666666666666,1.0,1.0,1.0,1.0
Agentic,562,0.20000000000000004,1.0,1.0,1.0,0.20000000000000004,1.0,0.43067655807339306,0.25,1.0,1.0,1.0,1.0,1.0,1.0,1.0
Agentic,566,0.20000000000000004,1.0,1.0,1.0,0.8000000000000002,1.0,0.9828920819566879,1.0,1.0,0.25,0.4000000000000001,1.0,1.0,1.0,1.0
Agentic,568,0.0,0.0,0.0,0.0,0.0,0.0,0.0,0.0625,0.0,0.0,0.0,0.0,0.0,0.0,1.0
Agentic,58,0.20000000000000004,1.0,1.0,1.0,0.20000000000000004,1.0,1.0,1.0,1.0,1.0,1.0,1.0,1.0,1.0,1.0
Agentic,624,0.20000000000000004,1.0,1.0,1.0,0.4000000000000001,1.0,1.0,1.0,0.5,0.5,0.5,1.0,1.0,1.0,1.0
Agentic,626,0.20000000000000004,1.0,1.0,1.0,0.20000000000000004,1.0,1.0,1.0,1.0,1.0,1.0,1.0,1.0,1.0,1.0
Agentic,661,0.20000000000000004,1.0,1.0,1.0,0.4000000000000001,0.6666666666666666,0.6822300780269143,1.0,0.5555555555555555,0.4444444444444444,0.48888888888888893,0.0,1.0,0.0,1.0
Agentic,665,0.20000000000000004,1.0,1.0,1.0,0.4000000000000001,1.0,0.6934264036172708,0.5,1.0,1.0,1.0,1.0,1.0,1.0,1.0
Agentic,668,0.20000000000000004,1.0,1.0,1.0,0.8000000000000002,1.0,1.0,1.0,1.0,0.75,0.8571428571428571,1.0,1.0,1.0,1.0
Agentic,669,0.20000000000000004,1.0,1.0,1.0,0.8000000000000002,1.0,0.9828920819566879,1.0,1.0,0.75,0.8571428571428571,1.0,1.0,1.0,1.0
Agentic,71,0.20000000000000004,1.0,1.0,1.0,0.4000000000000001,1.0,0.9197207891481876,1.0,1.0,1.0,1.0,1.0,0.0,0.0,1.0
Agentic,749,0.20000000000000004,1.0,0.5,0.3333333333333333,0.20000000000000004,1.0,0.5,0.3333333333333333,0.5,1.0,0.6666666666666666,1.0,1.0,1.0,1.0
Agentic,76,0.20000000000000004,1.0,1.0,1.0,0.4000000000000001,1.0,0.6934264036172708,0.5,0.611111111111111,0.8333333333333334,0.7000000000000001,1.0,1.0,1.0,1.0
Agentic,788,0.20000000000000004,1.0,1.0,1.0,0.20000000000000004,1.0,0.43067655807339306,0.25,0.6666666666666666,1.0,0.7777777777777777,1.0,1.0,1.0,1.0
Agentic,789,0.20000000000000004,1.0,1.0,1.0,0.3333333333333333,0.8333333333333334,0.422199931085455,0.25,0.0,0.0,0.0,0.0,0.0,0.0,1.0
Agentic,797,0.20000000000000004,1.0,0.6309297535714575,0.5,0.20000000000000004,1.0,0.6309297535714575,0.5,0.5,1.0,0.6666666666666666,1.0,1.0,1.0,1.0
Agentic,802,0.20000000000000004,1.0,1.0,1.0,0.0,0.0,0.0,0.047619047619047616,0.0,0.0,0.0,0.0,1.0,0.0,1.0
Agentic,807,0.20000000000000004,1.0,1.0,1.0,0.0,0.0,0.0,0.05928853754940711,0.0,0.0,0.0,0.0,0.0,0.0,1.0
Agentic,812,0.20000000000000004,1.0,1.0,1.0,0.20000000000000004,0.3333333333333333,0.2960819109658652,0.5,0.5,0.3333333333333333,0.4000000000000001,0.0,1.0,0.0,1.0
Agentic,841,0.20000000000000004,1.0,1.0,1.0,0.0,0.0,0.0,0.10000000000000002,0.0,0.0,0.0,0.0,0.0,0.0,1.0
Agentic,856,0.20000000000000004,1.0,1.0,1.0,0.3333333333333333,0.5555555555555555,0.323135208192116,0.25,0.5277777777777778,0.5555555555555555,0.5396825396825397,1.0,1.0,1.0,1.0
Agentic,857,0.20000000000000004,1.0,1.0,1.0,0.0,0.0,0.0,0.10000000000000002,0.0,0.0,0.0,0.0,1.0,0.0,1.0
Agentic,86,0.4000000000000001,1.0,0.9197207891481876,1.0,0.4000000000000001,1.0,0.9197207891481876,1.0,1.0,1.0,1.0,1.0,1.0,1.0,1.0
Agentic,881,0.20000000000000004,1.0,1.0,1.0,0.20000000000000004,1.0,1.0,1.0,1.0,1.0,1.0,1.0,1.0,1.0,1.0
Agentic,883,0.20000000000000004,1.0,1.0,1.0,0.20000000000000004,1.0,1.0,1.0,1.0,1.0,1.0,1.0,1.0,1.0,1.0
Agentic,885,0.20000000000000004,1.0,1.0,1.0,0.20000000000000004,0.5,0.6131471927654584,1.0,0.5,0.5,0.5,1.0,1.0,1.0,1.0
Agentic,909,0.20000000000000004,1.0,1.0,1.0,0.4000000000000001,1.0,0.5706417189553201,0.3333333333333333,0.5,1.0,0.6666666666666666,1.0,1.0,1.0,1.0
Agentic,923,0.20000000000000004,1.0,1.0,1.0,0.4000000000000001,1.0,0.8772153153380492,1.0,1.0,1.0,1.0,1.0,1.0,1.0,1.0
Agentic,928,0.20000000000000004,1.0,1.0,1.0,0.4000000000000001,0.6666666666666666,0.38364913903790027,0.25,0.6666666666666666,0.6666666666666666,0.6666666666666666,1.0,1.0,1.0,1.0
Agentic,930,0.20000000000000004,1.0,1.0,1.0,0.20000000000000004,1.0,1.0,1.0,1.0,1.0,1.0,1.0,1.0,1.0,1.0
Agentic,941,0.20000000000000004,1.0,1.0,1.0,0.20000000000000004,0.5,0.38685280723454163,0.5,1.0,0.5,0.6666666666666666,1.0,1.0,1.0,1.0
Agentic,942,0.20000000000000004,1.0,1.0,1.0,0.20000000000000004,1.0,0.7539531690476383,0.6666666666666666,0.16666666666666666,0.3333333333333333,0.2222222222222222,0.3333333333333333,0.0,0.0,1.0
Agentic,955,0.4000000000000001,1.0,1.0,1.0,0.4000000000000001,1.0,0.8772153153380492,1.0,1.0,1.0,1.0,1.0,1.0,1.0,1.0
Agentic,965,0.20000000000000004,1.0,1.0,1.0,0.4000000000000001,0.6666666666666666,0.6713860725233042,1.0,0.6666666666666666,0.6666666666666666,0.6666666666666666,1.0,1.0,1.0,1.0
Agentic,977,0.20000000000000004,1.0,0.43067655807339306,0.25,0.0,0.0,0.0,0.0,0.0,0.0,0.0,0.0,1.0,0.0,1.0
Agentic,984,0.20000000000000004,1.0,1.0,1.0,0.20000000000000004,1.0,0.5,0.3333333333333333,0.5,1.0,0.6666666666666666,1.0,1.0,1.0,1.0
Agentic,990,0.20000000000000004,1.0,1.0,1.0,0.20000000000000004,1.0,1.0,1.0,1.0,1.0,1.0,1.0,1.0,1.0,1.0
Agentic,994,0.20000000000000004,1.0,0.6309297535714575,0.5,0.20000000000000004,1.0,0.5,0.3333333333333333,1.0,1.0,1.0,1.0,1.0,1.0,1.0
BM25,1000,0.20000000000000004,1.0,1.0,1.0,0.0,0.0,0.0,0.16666666666666666,0.0,0.0,0.0,0.0,0.0,0.0,1.0
BM25,1004,0.6,1.0,1.0,1.0,0.20000000000000004,0.125,0.3391602052736162,1.0,1.0,0.125,0.2222222222222222,1.0,1.0,1.0,1.0
BM25,1005,0.6,1.0,1.0,1.0,0.20000000000000004,0.125,0.3391602052736162,1.0,1.0,0.125,0.2222222222222222,1.0,1.0,1.0,1.0
BM25,1023,0.20000000000000004,1.0,0.5,0.3333333333333333,0.20000000000000004,1.0,0.5,0.3333333333333333,0.5,1.0,0.6666666666666666,1.0,1.0,1.0,1.0
BM25,1040,0.20000000000000004,1.0,0.5,0.3333333333333333,0.0,0.0,0.0,0.10000000000000002,0.0,0.0,0.0,0.0,0.0,0.0,1.0
BM25,1045,0.20000000000000004,1.0,1.0,1.0,0.4000000000000001,0.5,0.5585075862632192,1.0,1.0,0.25,0.4000000000000001,1.0,1.0,1.0,1.0
BM25,1050,0.20000000000000004,1.0,1.0,1.0,0.20000000000000004,0.5,0.38685280723454163,0.5,0.6666666666666666,0.5,0.5555555555555555,0.0,1.0,0.0,1.0
BM25,108,0.6,1.0,1.0,1.0,0.6,0.3333333333333333,0.722726572644952,1.0,1.0,0.3333333333333333,0.5,1.0,1.0,1.0,1.0
BM25,1084,0.20000000000000004,1.0,1.0,1.0,0.0,0.0,0.0,0.1111111111111111,0.0,0.0,0.0,0.0,0.0,0.0,1.0
BM25,109,0.20000000000000004,1.0,0.6309297535714575,0.5,0.20000000000000004,1.0,0.6309297535714575,0.5,1.0,1.0,1.0,1.0,1.0,1.0,1.0
BM25,1090,0.20000000000000004,1.0,1.0,1.0,0.0,0.0,0.0,0.16666666666666666,0.0,0.0,0.0,0.0,1.0,0.0,1.0
BM25,1105,0.20000000000000004,1.0,1.0,1.0,0.20000000000000004,0.3333333333333333,0.2960819109658652,0.5,1.0,0.3333333333333333,0.5,1.0,1.0,1.0,1.0
BM25,1141,0.20000000000000004,1.0,1.0,1.0,0.20000000000000004,0.3333333333333333,0.46927872602275644,1.0,0.5,0.3333333333333333,0.4000000000000001,1.0,1.0,1.0,1.0
BM25,1142,0.20000000000000004,1.0,1.0,1.0,0.0,0.0,0.0,0.0,0.0,0.0,0.0,0.0,0.0,0.0,1.0
BM25,1145,0.20000000000000004,1.0,0.6309297535714575,0.5,0.20000000000000004,0.3333333333333333,0.20210734650054754,0.25,1.0,0.3333333333333333,0.5,1.0,0.0,0.0,1.0
BM25,1153,0.20000000000000004,1.0,1.0,1.0,0.20000000000000004,0.5,0.6131471927654584,1.0,0.5,0.5,0.5,1.0,1.0,1.0,1.0
BM25,1158,0.0,0.0,0.0,0.0,0.0,0.0,0.0,0.0,0.0,0.0,0.0,0.0,0.0,0.0,1.0
BM25,116,0.0,0.0,0.0,0.0,0.0,0.0,0.0,0.022727272727272724,0.0,0.0,0.0,0.0,0.0,0.0,1.0
BM25,1171,0.20000000000000004,1.0,1.0,1.0,0.4000000000000001,1.0,1.0,1.0,1.0,1.0,1.0,1.0,1.0,1.0,1.0
BM25,1210,0.20000000000000004,1.0,1.0,1.0,0.20000000000000004,1.0,1.0,1.0,0.5,1.0,0.6666666666666666,1.0,1.0,1.0,1.0
BM25,122,0.20000000000000004,1.0,0.43067655807339306,0.25,0.20000000000000004,1.0,0.43067655807339306,0.25,1.0,1.0,1.0,1.0,1.0,1.0,1.0
BM25,1227,0.20000000000000004,1.0,1.0,1.0,0.20000000000000004,1.0,1.0,1.0,1.0,1.0,1.0,1.0,1.0,1.0,1.0
BM25,1234,0.20000000000000004,1.0,1.0,1.0,0.20000000000000004,1.0,1.0,1.0,0.5,1.0,0.6666666666666666,1.0,1.0,1.0,1.0
BM25,1238,0.20000000000000004,1.0,1.0,1.0,0.20000000000000004,1.0,1.0,1.0,1.0,1.0,1.0,1.0,1.0,1.0,1.0
BM25,1258,0.20000000000000004,1.0,1.0,1.0,0.20000000000000004,1.0,1.0,1.0,1.0,1.0,1.0,1.0,0.0,0.0,1.0
BM25,1265,0.20000000000000004,1.0,1.0,1.0,0.4000000000000001,1.0,0.9197207891481876,1.0,1.0,1.0,1.0,1.0,1.0,1.0,1.0
BM25,1276,0.20000000000000004,1.0,1.0,1.0,0.20000000000000004,1.0,1.0,1.0,1.0,1.0,1.0,1.0,0.0,0.0,1.0
BM25,1311,0.0,0.0,0.0,0.0,0.0,0.0,0.0,0.08333333333333333,0.0,0.0,0.0,0.0,0.0,0.0,1.0
BM25,1312,0.20000000000000004,1.0,0.43067655807339306,0.25,0.20000000000000004,1.0,0.43067655807339306,0.25,1.0,1.0,1.0,1.0,1.0,1.0,1.0
BM25,1324,0.20000000000000004,1.0,1.0,1.0,0.4000000000000001,1.0,1.0,1.0,1.0,0.5,0.6666666666666666,1.0,1.0,1.0,1.0
BM25,1333,0.20000000000000004,1.0,1.0,1.0,0.20000000000000004,1.0,1.0,1.0,0.5,1.0,0.6666666666666666,1.0,1.0,1.0,1.0
BM25,1355,0.20000000000000004,1.0,1.0,1.0,0.20000000000000004,1.0,1.0,1.0,1.0,1.0,1.0,1.0,1.0,1.0,1.0
BM25,1360,0.20000000000000004,1.0,1.0,1.0,0.20000000000000004,1.0,0.43067655807339306,0.25,0.5,1.0,0.6666666666666666,1.0,1.0,1.0,1.0
BM25,1366,0.20000000000000004,1.0,1.0,1.0,0.4000000000000001,1.0,0.6934264036172708,0.5,0.6666666666666666,1.0,0.8000000000000002,1.0,0.0,0.0,1.0
BM25,1367,0.20000000000000004,1.0,0.6309297535714575,0.5,0.0,0.0,0.0,0.10000000000000002,0.0,0.0,0.0,0.0,1.0,0.0,1.0
BM25,1373,0.20000000000000004,1.0,1.0,1.0,0.4000000000000001,0.5,0.3462096432238561,0.3333333333333333,1.0,0.25,0.4000000000000001,1.0,1.0,1.0,1.0
BM25,1381,0.20000000000000004,1.0,1.0,1.0,0.4000000000000001,1.0,0.8503449055347546,1.0,0.5,0.5,0.5,1.0,1.0,1.0,1.0
BM25,1391,0.20000000000000004,1.0,1.0,1.0,0.20000000000000004,1.0,0.5,0.3333333333333333,0.5,1.0,0.6666666666666666,1.0,1.0,1.0,1.0
BM25,1393,0.0,0.0,0.0,0.0,0.0,0.0,0.0,0.0,0.0,0.0,0.0,0.0,0.0,0.0,1.0
BM25,1406,0.20000000000000004,1.0,1.0,1.0,0.20000000000000004,1.0,1.0,1.0,0.5,1.0,0.6666666666666666,1.0,1.0,1.0,1.0
BM25,144,0.20000000000000004,1.0,0.6309297535714575,0.5,0.20000000000000004,0.3333333333333333,0.2960819109658652,0.5,1.0,0.3333333333333333,0.5,1.0,1.0,1.0,1.0
BM25,152,0.20000000000000004,1.0,1.0,1.0,0.4000000000000001,1.0,0.9197207891481876,1.0,0.611111111111111,0.8333333333333334,0.7000000000000001,1.0,0.0,0.0,1.0
BM25,156,0.20000000000000004,1.0,0.6309297535714575,0.5,0.0,0.0,0.0,0.07692307692307693,0.0,0.0,0.0,0.0,1.0,0.0,1.0
BM25,157,0.20000000000000004,1.0,1.0,1.0,0.20000000000000004,1.0,1.0,1.0,0.5,1.0,0.6666666666666666,1.0,1.0,1.0,1.0
BM25,166,0.20000000000000004,1.0,1.0,1.0,0.0,0.0,0.0,0.10000000000000002,0.0,0.0,0.0,0.0,1.0,0.0,1.0
BM25,178,0.4000000000000001,0.5,0.3462096432238561,0.3333333333333333,0.0,0.0,0.0,0.16666666666666666,0.0,0.0,0.0,0.0,1.0,0.0,1.0
BM25,203,0.20000000000000004,1.0,1.0,1.0,0.4000000000000001,0.4000000000000001,0.36005461457723403,0.5,1.0,0.4000000000000001,0.5714285714285715,1.0,1.0,1.0,1.0
BM25,22,0.20000000000000004,1.0,1.0,1.0,0.20000000000000004,1.0,1.0,1.0,0.5,1.0,0.6666666666666666,1.0,1.0,1.0,1.0
BM25,235,0.20000000000000004,1.0,1.0,1.0,0.4000000000000001,0.6666666666666666,0.7039180890341347,1.0,1.0,0.6666666666666666,0.8000000000000002,1.0,1.0,1.0,1.0
BM25,242,0.0,0.0,0.0,0.0,0.0,0.0,0.0,0.0,0.0,0.0,0.0,0.0,1.0,0.0,1.0
BM25,245,0.20000000000000004,1.0,0.6309297535714575,0.5,0.20000000000000004,1.0,0.5,0.3333333333333333,1.0,1.0,1.0,1.0,1.0,1.0,1.0
BM25,256,0.20000000000000004,1.0,1.0,1.0,0.20000000000000004,1.0,0.5,0.3333333333333333,0.5,1.0,0.6666666666666666,1.0,1.0,1.0,1.0
BM25,283,0.20000000000000004,1.0,1.0,1.0,0.20000000000000004,1.0,1.0,1.0,0.5,1.0,0.6666666666666666,1.0,1.0,1.0,1.0
BM25,290,0.20000000000000004,1.0,1.0,1.0,0.20000000000000004,0.3333333333333333,0.2960819109658652,0.5,0.3333333333333333,0.3333333333333333,0.3333333333333333,1.0,1.0,1.0,1.0
BM25,308,0.20000000000000004,1.0,1.0,1.0,0.4000000000000001,0.6666666666666666,0.7653606369886217,1.0,1.0,0.3333333333333333,0.5,1.0,1.0,1.0,1.0
BM25,330,0.20000000000000004,1.0,1.0,1.0,0.0,0.0,0.0,0.0625,0.0,0.0,0.0,0.0,1.0,0.0,1.0
BM25,331,0.0,0.0,0.0,0.0,0.0,0.0,0.0,0.0,0.0,0.0,0.0,0.0,1.0,0.0,1.0
BM25,332,0.20000000000000004,1.0,1.0,1.0,0.4000000000000001,1.0,1.0,1.0,1.0,1.0,1.0,1.0,1.0,1.0,1.0
BM25,334,0.20000000000000004,1.0,1.0,1.0,0.20000000000000004,0.3333333333333333,0.46927872602275644,1.0,1.0,0.3333333333333333,0.5,1.0,1.0,1.0,1.0
BM25,339,0.20000000000000004,1.0,1.0,1.0,0.4000000000000001,0.5,0.5855700749881525,1.0,0.6666666666666666,0.5,0.5714285714285715,1.0,1.0,1.0,1.0
BM25,340,0.20000000000000004,1.0,1.0,1.0,0.20000000000000004,0.3333333333333333,0.2960819109658652,0.5,1.0,0.3333333333333333,0.5,1.0,1.0,1.0,1.0
BM25,342,0.20000000000000004,1.0,1.0,1.0,0.0,0.0,0.0,0.0,0.0,0.0,0.0,0.0,1.0,0.0,1.0
BM25,366,0.20000000000000004,1.0,1.0,1.0,0.20000000000000004,1.0,0.43067655807339306,0.25,1.0,1.0,1.0,1.0,1.0,1.0,1.0
BM25,381,0.20000000000000004,1.0,1.0,1.0,0.20000000000000004,0.5,0.38685280723454163,0.5,1.0,0.5,0.6666666666666666,1.0,0.0,0.0,1.0
BM25,382,0.0,0.0,0.0,0.0,0.0,0.0,0.0,0.0909090909090909,0.0,0.0,0.0,0.0,0.0,0.0,1.0
BM25,396,0.20000000000000004,1.0,0.43067655807339306,0.25,0.0,0.0,0.0,0.0909090909090909,0.0,0.0,0.0,0.0,1.0,0.0,1.0
BM25,400,0.20000000000000004,1.0,1.0,1.0,0.20000000000000004,0.5,0.38685280723454163,0.5,0.5,0.5,0.5,1.0,1.0,1.0,1.0
BM25,414,0.0,0.0,0.0,0.0,0.0,0.0,0.0,0.0,0.0,0.0,0.0,0.0,1.0,0.0,1.0
BM25,430,0.0,0.0,0.0,0.0,0.0,0.0,0.0,0.0,0.0,0.0,0.0,0.0,1.0,0.0,1.0
BM25,441,0.20000000000000004,1.0,1.0,1.0,0.0,0.0,0.0,0.037037037037037035,0.0,0.0,0.0,0.0,0.0,0.0,1.0
BM25,46,0.20000000000000004,1.0,1.0,1.0,0.0,0.0,0.0,0.0,0.0,0.0,0.0,0.0,1.0,0.0,1.0
BM25,466,0.20000000000000004,1.0,1.0,1.0,0.20000000000000004,0.3333333333333333,0.46927872602275644,1.0,0.0,0.0,0.0,0.0,1.0,0.0,1.0
BM25,47,0.20000000000000004,1.0,1.0,1.0,0.20000000000000004,1.0,1.0,1.0,0.5555555555555555,1.0,0.6666666666666666,1.0,1.0,1.0,1.0
BM25,482,0.20000000000000004,1.0,1.0,1.0,0.20000000000000004,1.0,1.0,1.0,0.5,1.0,0.6666666666666666,1.0,1.0,1.0,1.0
BM25,500,0.20000000000000004,1.0,0.6309297535714575,0.5,0.20000000000000004,1.0,0.6309297535714575,0.5,0.5,1.0,0.6666666666666666,1.0,1.0,1.0,1.0
BM25,505,0.20000000000000004,1.0,1.0,1.0,0.4000000000000001,1.0,0.9197207891481876,1.0,1.0,1.0,1.0,1.0,1.0,1.0,1.0
BM25,515,0.20000000000000004,1.0,1.0,1.0,0.20000000000000004,0.5,0.2640681225725909,0.25,1.0,0.5,0.6666666666666666,1.0,1.0,1.0,1.0
BM25,531,0.4000000000000001,0.6666666666666666,0.7653606369886217,1.0,0.4000000000000001,0.6666666666666666,0.7653606369886217,1.0,0.6666666666666666,0.6666666666666666,0.6666666666666666,1.0,1.0,1.0,1.0
BM25,541,0.4000000000000001,1.0,0.6934264036172708,0.5,0.20000000000000004,0.3333333333333333,0.23463936301137822,0.3333333333333333,0.5,0.3333333333333333,0.4000000000000001,1.0,1.0,1.0,1.0
BM25,547,0.20000000000000004,1.0,1.0,1.0,0.4000000000000001,1.0,0.9197207891481876,1.0,1.0,1.0,1.0,1.0,1.0,1.0,1.0
BM25,548,0.0,0.0,0.0,0.0,0.0,0.0,0.0,0.0,0.0,0.0,0.0,0.0,0.0,0.0,1.0
BM25,55,0.0,0.0,0.0,0.0,0.0,0.0,0.0,0.125,0.0,0.0,0.0,0.0,0.0,0.0,1.0
BM25,562,0.20000000000000004,1.0,0.6309297535714575,0.5,0.0,0.0,0.0,0.05263157894736842,0.0,0.0,0.0,0.0,0.0,0.0,1.0
BM25,566,0.20000000000000004,1.0,1.0,1.0,0.8000000000000002,1.0,0.9828920819566879,1.0,1.0,0.25,0.4000000000000001,1.0,1.0,1.0,1.0
BM25,568,0.20000000000000004,1.0,0.6309297535714575,0.5,0.0,0.0,0.0,0.02040816326530612,0.0,0.0,0.0,0.0,0.0,0.0,1.0
BM25,58,0.20000000000000004,1.0,1.0,1.0,0.20000000000000004,1.0,1.0,1.0,1.0,1.0,1.0,1.0,1.0,1.0,1.0
BM25,624,0.20000000000000004,1.0,1.0,1.0,0.20000000000000004,0.5,0.6131471927654584,1.0,1.0,0.5,0.6666666666666666,1.0,1.0,1.0,1.0
BM25,626,0.20000000000000004,1.0,1.0,1.0,0.20000000000000004,1.0,1.0,1.0,1.0,1.0,1.0,1.0,1.0,1.0,1.0
BM25,661,0.20000000000000004,1.0,1.0,1.0,0.4000000000000001,0.6666666666666666,0.5307212739772434,0.5,0.5,0.3333333333333333,0.4000000000000001,0.0,1.0,0.0,1.0
BM25,665,0.20000000000000004,1.0,1.0,1.0,0.20000000000000004,0.5,0.3065735963827292,0.3333333333333333,0.5,0.5,0.5,1.0,1.0,1.0,1.0
BM25,668,0.20000000000000004,1.0,1.0,1.0,0.6,0.75,0.75369761125927,1.0,1.0,0.75,0.8571428571428571,1.0,1.0,1.0,1.0
BM25,669,0.20000000000000004,1.0,1.0,1.0,0.6,0.75,0.787702056960637,1.0,1.0,0.75,0.8571428571428571,1.0,1.0,1.0,1.0
BM25,71,0.20000000000000004,1.0,1.0,1.0,0.20000000000000004,0.5,0.6131471927654584,1.0,0.5,0.5,0.5,0.0,0.0,0.0,1.0
BM25,749,0.20000000000000004,1.0,0.43067655807339306,0.25,0.20000000000000004,1.0,0.43067655807339306,0.25,0.5,1.0,0.6666666666666666,1.0,1.0,1.0,1.0
BM25,76,0.20000000000000004,1.0,1.0,1.0,0.20000000000000004,0.5,0.2640681225725909,0.25,0.3333333333333333,0.5,0.4000000000000001,1.0,1.0,1.0,1.0
BM25,788,0.20000000000000004,1.0,1.0,1.0,0.20000000000000004,1.0,0.6309297535714575,0.5,0.5,1.0,0.6666666666666666,1.0,1.0,1.0,1.0
BM25,789,0.20000000000000004,1.0,1.0,1.0,0.0,0.0,0.0,0.0588235294117647,0.0,0.0,0.0,0.0,0.0,0.0,1.0
BM25,797,0.20000000000000004,1.0,0.43067655807339306,0.25,0.20000000000000004,1.0,0.43067655807339306,0.25,0.5,1.0,0.6666666666666666,1.0,1.0,1.0,1.0
BM25,802,0.20000000000000004,1.0,1.0,1.0,0.20000000000000004,0.5,0.2640681225725909,0.25,0.5,0.5,0.5,1.0,1.0,1.0,1.0
BM25,807,0.20000000000000004,1.0,1.0,1.0,0.0,0.0,0.0,0.0,0.0,0.0,0.0,0.0,0.0,0.0,1.0
BM25,812,0.20000000000000004,1.0,1.0,1.0,0.4000000000000001,0.6666666666666666,0.7039180890341347,1.0,0.5,0.3333333333333333,0.4000000000000001,0.0,1.0,0.0,1.0
BM25,841,0.20000000000000004,1.0,0.6309297535714575,0.5,0.0,0.0,0.0,0.0,0.0,0.0,0.0,0.0,0.0,0.0,1.0
BM25,856,0.20000000000000004,1.0,1.0,1.0,0.0,0.0,0.0,0.0,0.0,0.0,0.0,0.0,1.0,0.0,1.0
BM25,857,0.20000000000000004,1.0,1.0,1.0,0.0,0.0,0.0,0.0,0.0,0.0,0.0,0.0,1.0,0.0,1.0
BM25,86,0.4000000000000001,1.0,1.0,1.0,0.4000000000000001,1.0,0.9197207891481876,1.0,1.0,1.0,1.0,1.0,1.0,1.0,1.0
BM25,881,0.20000000000000004,1.0,1.0,1.0,0.20000000000000004,1.0,0.6309297535714575,0.5,1.0,1.0,1.0,1.0,1.0,1.0,1.0
BM25,883,0.20000000000000004,1.0,1.0,1.0,0.20000000000000004,1.0,1.0,1.0,1.0,1.0,1.0,1.0,1.0,1.0,1.0
BM25,885,0.20000000000000004,1.0,1.0,1.0,0.20000000000000004,0.5,0.6131471927654584,1.0,0.5,0.5,0.5,1.0,1.0,1.0,1.0
BM25,909,0.20000000000000004,1.0,1.0,1.0,0.0,0.0,0.0,0.125,0.0,0.0,0.0,0.0,1.0,0.0,1.0
BM25,923,0.20000000000000004,1.0,1.0,1.0,0.20000000000000004,0.5,0.6131471927654584,1.0,1.0,0.5,0.6666666666666666,1.0,1.0,1.0,1.0
BM25,928,0.20000000000000004,1.0,1.0,1.0,0.20000000000000004,0.3333333333333333,0.46927872602275644,1.0,0.3333333333333333,0.3333333333333333,0.3333333333333333,1.0,1.0,1.0,1.0
BM25,930,0.20000000000000004,1.0,1.0,1.0,0.20000000000000004,1.0,1.0,1.0,0.6666666666666666,1.0,0.7777777777777777,1.0,1.0,1.0,1.0
BM25,941,0.20000000000000004,1.0,1.0,1.0,0.0,0.0,0.0,0.1111111111111111,0.0,0.0,0.0,0.0,0.0,0.0,1.0
BM25,942,0.20000000000000004,1.0,0.6309297535714575,0.5,0.20000000000000004,1.0,0.6309297535714575,0.5,0.5,1.0,0.6666666666666666,1.0,0.0,0.0,1.0
BM25,955,0.0,0.0,0.0,0.0,0.0,0.0,0.0,0.05263157894736842,0.0,0.0,0.0,0.0,0.0,0.0,1.0
BM25,965,0.20000000000000004,1.0,0.6309297535714575,0.5,0.0,0.0,0.0,0.14285714285714285,0.0,0.0,0.0,0.0,0.0,0.0,1.0
BM25,977,0.20000000000000004,1.0,0.38685280723454163,0.20000000000000004,0.0,0.0,0.0,0.0,0.0,0.0,0.0,0.0,0.0,0.0,1.0
BM25,984,0.20000000000000004,1.0,1.0,1.0,0.20000000000000004,1.0,0.6309297535714575,0.5,0.5,1.0,0.6666666666666666,1.0,1.0,1.0,1.0
BM25,990,0.20000000000000004,1.0,1.0,1.0,0.20000000000000004,1.0,1.0,1.0,1.0,1.0,1.0,1.0,1.0,1.0,1.0
BM25,994,0.20000000000000004,1.0,0.5,0.3333333333333333,0.20000000000000004,1.0,0.5,0.3333333333333333,1.0,1.0,1.0,1.0,1.0,1.0,1.0
CRAG,1000,0.20000000000000004,1.0,1.0,1.0,0.20000000000000004,1.0,1.0,1.0,0.6666666666666666,1.0,0.7777777777777777,1.0,1.0,1.0,1.0
CRAG,1004,0.6,1.0,1.0,1.0,0.8000000000000002,0.5,0.8687949224876582,1.0,1.0,0.375,0.5454545454545454,1.0,1.0,1.0,1.0
CRAG,1005,0.6,1.0,1.0,1.0,0.6,0.375,0.722726572644952,1.0,1.0,0.3333333333333333,0.4969696969696969,1.0,1.0,1.0,1.0
CRAG,1023,0.20000000000000004,1.0,1.0,1.0,0.20000000000000004,1.0,0.6309297535714575,0.5,0.5,1.0,0.6666666666666666,1.0,1.0,1.0,1.0
CRAG,1040,0.20000000000000004,1.0,0.6309297535714575,0.5,0.0,0.0,0.0,0.022243713733075435,0.0,0.0,0.0,0.0,0.0,0.0,1.0
CRAG,1045,0.20000000000000004,1.0,1.0,1.0,0.6666666666666666,0.8333333333333334,0.8788941462442773,1.0,1.0,0.5,0.6666666666666666,1.0,1.0,1.0,1.0
CRAG,1050,0.20000000000000004,1.0,1.0,1.0,0.20000000000000004,0.5,0.38685280723454163,0.5,0.5,0.5,0.5,0.0,1.0,0.0,1.0
CRAG,108,0.6,1.0,1.0,1.0,0.6,0.3333333333333333,0.6992148198508502,1.0,1.0,0.2962962962962963,0.45454545454545453,1.0,1.0,1.0,1.0
CRAG,1084,0.20000000000000004,1.0,1.0,1.0,0.0,0.0,0.0,0.1037037037037037,0.0,0.0,0.0,0.0,0.6666666666666666,0.0,1.0
CRAG,109,0.20000000000000004,1.0,1.0,1.0,0.20000000000000004,1.0,1.0,1.0,0.5833333333333334,1.0,0.6888888888888888,1.0,1.0,1.0,1.0
CRAG,1090,0.20000000000000004,1.0,1.0,1.0,0.0,0.0,0.0,0.16666666666666666,0.0,0.0,0.0,0.0,1.0,0.0,1.0
CRAG,1105,0.20000000000000004,1.0,1.0,1.0,0.4000000000000001,0.6666666666666666,0.6713860725233042,1.0,0.7777777777777777,0.6666666666666666,0.7111111111111111,1.0,1.0,1.0,1.0
CRAG,1141,0.20000000000000004,1.0,1.0,1.0,0.6,1.0,0.6797310500037655,0.5,1.0,1.0,1.0,1.0,1.0,1.0,1.0
CRAG,1142,0.20000000000000004,1.0,1.0,1.0,0.0,0.0,0.0,0.03518518518518519,0.0,0.0,0.0,0.0,1.0,0.0,1.0
CRAG,1145,0.20000000000000004,1.0,1.0,1.0,0.6,1.0,0.8854598815714874,1.0,0.9166666666666666,1.0,0.9523809523809524,1.0,0.0,0.0,1.0
CRAG,1153,0.20000000000000004,1.0,1.0,1.0,0.4000000000000001,1.0,0.9197207891481876,1.0,0.5,0.6666666666666666,0.5555555555555555,1.0,1.0,1.0,1.0
CRAG,1158,0.20000000000000004,1.0,1.0,1.0,0.20000000000000004,1.0,1.0,1.0,0.3333333333333333,1.0,0.5,1.0,1.0,1.0,1.0
CRAG,116,0.20000000000000004,1.0,1.0,1.0,0.20000000000000004,1.0,1.0,1.0,0.0,0.0,0.0,0.0,0.3333333333333333,0.0,1.0
CRAG,1171,0.20000000000000004,1.0,1.0,1.0,0.4000000000000001,1.0,1.0,1.0,1.0,1.0,1.0,1.0,1.0,1.0,1.0
CRAG,1210,0.20000000000000004,1.0,1.0,1.0,0.20000000000000004,1.0,0.5,0.3333333333333333,0.3333333333333333,1.0,0.5,1.0,1.0,1.0,1.0
CRAG,122,0.0,0.0,0.0,0.0,0.0,0.0,0.0,0.0,0.0,0.0,0.0,0.0,1.0,0.0,1.0
CRAG,1227,0.20000000000000004,1.0,1.0,1.0,0.20000000000000004,1.0,1.0,1.0,1.0,1.0,1.0,1.0,1.0,1.0,1.0
CRAG,1234,0.20000000000000004,1.0,1.0,1.0,0.20000000000000004,1.0,1.0,1.0,0.5,1.0,0.6666666666666666,1.0,1.0,1.0,1.0
CRAG,1238,0.20000000000000004,1.0,1.0,1.0,0.20000000000000004,1.0,1.0,1.0,1.0,1.0,1.0,1.0,1.0,1.0,1.0
CRAG,1258,0.20000000000000004,1.0,1.0,1.0,0.20000000000000004,1.0,1.0,1.0,1.0,1.0,1.0,1.0,0.0,0.0,1.0
CRAG,1265,0.20000000000000004,1.0,1.0,1.0,0.4000000000000001,1.0,1.0,1.0,1.0,1.0,1.0,1.0,1.0,1.0,1.0
CRAG,1276,0.20000000000000004,1.0,0.5436432511904858,0.38888888888888884,0.0,0.0,0.0,0.15079365079365079,0.0,0.0,0.0,0.0,0.0,0.0,1.0
CRAG,1311,0.20000000000000004,1.0,1.0,1.0,0.20000000000000004,0.20000000000000004,0.3391602052736162,1.0,0.38888888888888884,0.20000000000000004,0.2619047619047619,1.0,1.0,1.0,1.0
CRAG,1312,0.20000000000000004,1.0,1.0,1.0,0.20000000000000004,1.0,1.0,1.0,0.8333333333333334,1.0,0.8888888888888888,1.0,1.0,1.0,1.0
CRAG,1324,0.20000000000000004,1.0,1.0,1.0,0.4000000000000001,1.0,0.9197207891481876,1.0,0.6666666666666666,0.5,0.5555555555555555,1.0,1.0,1.0,1.0
CRAG,1333,0.20000000000000004,1.0,1.0,1.0,0.20000000000000004,1.0,1.0,1.0,0.3333333333333333,1.0,0.5,1.0,1.0,1.0,1.0
CRAG,1355,0.20000000000000004,1.0,1.0,1.0,0.20000000000000004,1.0,1.0,1.0,1.0,1.0,1.0,1.0,1.0,1.0,1.0
CRAG,1360,0.20000000000000004,1.0,1.0,1.0,0.20000000000000004,1.0,1.0,1.0,0.5,1.0,0.6666666666666666,1.0,1.0,1.0,1.0
CRAG,1366,0.20000000000000004,1.0,1.0,1.0,0.4000000000000001,1.0,0.8772153153380492,1.0,0.5,1.0,0.6666666666666666,1.0,1.0,1.0,1.0
CRAG,1367,0.20000000000000004,1.0,1.0,1.0,0.4000000000000001,1.0,0.5012658353418871,0.25,0.6666666666666666,1.0,0.8000000000000002,1.0,1.0,1.0,1.0
CRAG,1373,0.20000000000000004,1.0,1.0,1.0,0.6,0.75,0.6096199500078984,0.5,0.75,0.75,0.75,1.0,1.0,1.0,1.0
CRAG,1381,0.20000000000000004,1.0,1.0,1.0,0.20000000000000004,0.5,0.6131471927654584,1.0,0.16666666666666666,0.16666666666666666,0.16666666666666666,0.3333333333333333,0.3333333333333333,0.3333333333333333,1.0
CRAG,1391,0.20000000000000004,1.0,1.0,1.0,0.20000000000000004,1.0,0.5,0.3333333333333333,0.3333333333333333,1.0,0.5,1.0,1.0,1.0,1.0
CRAG,1393,0.20000000000000004,1.0,1.0,1.0,0.20000000000000004,1.0,1.0,1.0,1.0,1.0,1.0,1.0,1.0,1.0,1.0
CRAG,1406,0.20000000000000004,1.0,1.0,1.0,0.20000000000000004,1.0,1.0,1.0,1.0,1.0,1.0,1.0,1.0,1.0,1.0
CRAG,144,0.20000000000000004,1.0,1.0,1.0,0.4000000000000001,0.6666666666666666,0.6713860725233042,1.0,1.0,0.3333333333333333,0.5,1.0,1.0,1.0,1.0
CRAG,152,0.20000000000000004,1.0,1.0,1.0,0.4000000000000001,1.0,0.8772153153380492,1.0,1.0,1.0,1.0,1.0,0.0,0.0,1.0
CRAG,156,0.20000000000000004,1.0,1.0,1.0,0.20000000000000004,1.0,0.5,0.3333333333333333,0.5,1.0,0.6666666666666666,1.0,1.0,1.0,1.0
CRAG,157,0.20000000000000004,1.0,1.0,1.0,0.20000000000000004,1.0,1.0,1.0,1.0,1.0,1.0,1.0,1.0,1.0,1.0
CRAG,166,0.20000000000000004,1.0,1.0,1.0,0.20000000000000004,0.5,0.23719771276929622,0.20000000000000004,0.5,0.5,0.5,1.0,1.0,1.0,1.0
CRAG,178,0.6,0.75,0.75369761125927,1.0,0.4000000000000001,0.2857142857142857,0.27727342735504823,0.25,1.0,0.2857142857142857,0.4444444444444445,1.0,1.0,1.0,1.0
CRAG,203,0.20000000000000004,1.0,1.0,1.0,0.8000000000000002,0.8000000000000002,0.7860137352654725,1.0,1.0,0.6,0.7499999999999999,1.0,1.0,1.0,1.0
CRAG,22,0.20000000000000004,1.0,1.0,1.0,0.20000000000000004,1.0,1.0,1.0,1.0,1.0,1.0,1.0,1.0,1.0,1.0
CRAG,235,0.20000000000000004,1.0,1.0,1.0,0.4000000000000001,0.6666666666666666,0.7653606369886217,1.0,0.6666666666666666,0.6666666666666666,0.6666666666666666,1.0,1.0,1.0,1.0
CRAG,242,0.20000000000000004,1.0,1.0,1.0,0.20000000000000004,1.0,0.6309297535714575,0.5,0.5,1.0,0.6666666666666666,1.0,1.0,1.0,1.0
CRAG,245,0.20000000000000004,1.0,1.0,1.0,0.0,0.0,0.0,0.1074074074074074,0.0,0.0,0.0,0.0,1.0,0.0,1.0
CRAG,256,0.20000000000000004,1.0,1.0,1.0,0.20000000000000004,1.0,1.0,1.0,0.38888888888888884,1.0,0.5555555555555555,1.0,1.0,1.0,1.0
CRAG,283,0.20000000000000004,1.0,1.0,1.0,0.20000000000000004,1.0,1.0,1.0,0.5,1.0,0.6666666666666666,1.0,1.0,1.0,1.0
CRAG,290,0.20000000000000004,1.0,1.0,1.0,0.20000000000000004,0.3333333333333333,0.23463936301137822,0.3333333333333333,0.3333333333333333,0.3333333333333333,0.3333333333333333,1.0,1.0,1.0,1.0
CRAG,308,0.20000000000000004,1.0,1.0,1.0,0.6,1.0,1.0,1.0,1.0,0.3333333333333333,0.5,1.0,1.0,1.0,1.0
CRAG,330,0.20000000000000004,1.0,1.0,1.0,0.20000000000000004,1.0,1.0,1.0,1.0,1.0,1.0,1.0,1.0,1.0,1.0
CRAG,331,0.20000000000000004,1.0,1.0,1.0,0.20000000000000004,1.0,1.0,1.0,0.8333333333333334,1.0,0.8888888888888888,1.0,1.0,1.0,1.0
CRAG,332,0.20000000000000004,1.0,1.0,1.0,0.4000000000000001,1.0,1.0,1.0,1.0,1.0,1.0,1.0,1.0,1.0,1.0
CRAG,334,0.20000000000000004,1.0,1.0,1.0,0.4000000000000001,0.6666666666666666,0.6461858173485043,0.8333333333333334,0.611111111111111,0.5555555555555555,0.5777777777777778,1.0,1.0,1.0,1.0
CRAG,339,0.20000000000000004,1.0,1.0,1.0,0.4000000000000001,0.5,0.6366824387328317,1.0,1.0,0.5,0.6666666666666666,1.0,1.0,1.0,1.0
CRAG,340,0.20000000000000004,1.0,1.0,1.0,0.4000000000000001,0.6666666666666666,0.5307212739772434,0.5,1.0,0.6666666666666666,0.8000000000000002,1.0,1.0,1.0,1.0
CRAG,342,0.20000000000000004,1.0,0.6309297535714575,0.5,0.0,0.0,0.0,0.0,0.0,0.0,0.0,0.0,1.0,0.0,1.0
CRAG,366,0.20000000000000004,1.0,1.0,1.0,0.20000000000000004,1.0,1.0,1.0,1.0,1.0,1.0,1.0,1.0,1.0,1.0
CRAG,381,0.20000000000000004,1.0,1.0,1.0,0.20000000000000004,0.5,0.23719771276929622,0.20000000000000004,0.0,0.0,0.0,0.0,1.0,0.0,1.0
CRAG,382,0.20000000000000004,1.0,0.8769765845238192,0.8333333333333334,0.5333333333333333,0.6666666666666666,0.6462405583961474,0.8333333333333334,1.0,0.5,0.6666666666666666,0.3333333333333333,0.3333333333333333,0.0,1.0
CRAG,396,0.20000000000000004,1.0,1.0,1.0,0.4000000000000001,0.6666666666666666,0.6713860725233042,1.0,1.0,0.6666666666666666,0.8000000000000002,1.0,1.0,1.0,1.0
CRAG,400,0.20000000000000004,1.0,1.0,1.0,0.4000000000000001,1.0,0.8503449055347546,1.0,1.0,1.0,1.0,1.0,1.0,1.0,1.0
CRAG,414,0.20000000000000004,1.0,0.5,0.3333333333333333,0.20000000000000004,1.0,0.5,0.3333333333333333,0.5,1.0,0.6666666666666666,1.0,1.0,1.0,1.0
CRAG,430,0.20000000000000004,1.0,0.6309297535714575,0.5,0.0,0.0,0.0,0.034482758620689655,0.0,0.0,0.0,0.0,1.0,0.0,1.0
CRAG,441,0.20000000000000004,1.0,1.0,1.0,0.20000000000000004,1.0,0.6309297535714575,0.5,1.0,1.0,1.0,1.0,0.0,0.0,1.0
CRAG,46,0.20000000000000004,1.0,1.0,1.0,0.20000000000000004,1.0,1.0,1.0,0.5,1.0,0.6666666666666666,1.0,1.0,1.0,1.0
CRAG,466,0.20000000000000004,1.0,1.0,1.0,0.0,0.0,0.0,0.13095238095238096,0.0,0.0,0.0,0.0,1.0,0.0,1.0
CRAG,47,0.20000000000000004,1.0,0.6309297535714575,0.5,0.20000000000000004,1.0,0.6309297535714575,0.5,0.5,1.0,0.6666666666666666,1.0,1.0,1.0,1.0
CRAG,482,0.20000000000000004,1.0,1.0,1.0,0.20000000000000004,1.0,0.6309297535714575,0.5,0.5,1.0,0.6666666666666666,1.0,1.0,1.0,1.0
CRAG,500,0.20000000000000004,1.0,1.0,1.0,0.20000000000000004,1.0,0.5,0.3333333333333333,0.5,1.0,0.6666666666666666,1.0,1.0,1.0,1.0
CRAG,505,0.20000000000000004,1.0,1.0,1.0,0.4000000000000001,1.0,0.9197207891481876,1.0,0.6666666666666666,1.0,0.8000000000000002,1.0,1.0,1.0,1.0
CRAG,515,0.20000000000000004,1.0,1.0,1.0,0.20000000000000004,0.5,0.6131471927654584,1.0,0.5,0.5,0.5,1.0,1.0,1.0,1.0
CRAG,531,0.6,1.0,0.9674679834891693,1.0,0.6,1.0,0.9674679834891693,1.0,0.75,1.0,0.8571428571428571,1.0,1.0,1.0,1.0
CRAG,541,0.4000000000000001,1.0,1.0,1.0,0.4000000000000001,0.6666666666666666,0.5307212739772434,0.5,1.0,0.6666666666666666,0.8000000000000002,1.0,1.0,1.0,1.0
CRAG,547,0.20000000000000004,1.0,1.0,1.0,0.4000000000000001,1.0,1.0,1.0,1.0,1.0,1.0,1.0,1.0,1.0,1.0
CRAG,548,0.20000000000000004,1.0,1.0,1.0,0.20000000000000004,0.3333333333333333,0.23463936301137822,0.3333333333333333,0.5,0.3333333333333333,0.4000000000000001,1.0,1.0,1.0,1.0
CRAG,55,0.20000000000000004,1.0,0.6309297535714575,0.5,0.6,1.0,0.7122630665145961,0.5,0.6666666666666666,0.6666666666666666,0.6666666666666666,1.0,1.0,1.0,1.0
CRAG,562,0.20000000000000004,1.0,1.0,1.0,0.20000000000000004,1.0,1.0,1.0,0.8333333333333334,1.0,0.8888888888888888,1.0,1.0,1.0,1.0
CRAG,566,0.20000000000000004,1.0,1.0,1.0,0.6,0.75,0.8318724637288826,1.0,1.0,0.25,0.4000000000000001,1.0,1.0,1.0,1.0
CRAG,568,0.20000000000000004,1.0,0.6309297535714575,0.5,0.3333333333333333,0.5555555555555555,0.42118329815167815,0.4166666666666667,1.0,0.5555555555555555,0.7000000000000001,1.0,0.6666666666666666,0.6666666666666666,1.0
CRAG,58,0.20000000000000004,1.0,1.0,1.0,0.20000000000000004,1.0,1.0,1.0,1.0,1.0,1.0,1.0,1.0,1.0,1.0
CRAG,624,0.20000000000000004,1.0,1.0,1.0,0.4000000000000001,1.0,1.0,1.0,0.5,0.5,0.5,1.0,1.0,1.0,1.0
CRAG,626,0.20000000000000004,1.0,1.0,1.0,0.20000000000000004,1.0,1.0,1.0,1.0,1.0,1.0,1.0,1.0,1.0,1.0
CRAG,661,0.20000000000000004,1.0,1.0,1.0,0.4000000000000001,0.6666666666666666,0.7039180890341347,1.0,0.5,0.3333333333333333,0.4000000000000001,0.0,1.0,0.0,1.0
CRAG,665,0.20000000000000004,1.0,1.0,1.0,0.4000000000000001,1.0,0.6934264036172708,0.5,1.0,1.0,1.0,1.0,1.0,1.0,1.0
CRAG,668,0.20000000000000004,1.0,1.0,1.0,0.8000000000000002,1.0,1.0,1.0,1.0,0.75,0.8571428571428571,1.0,1.0,1.0,1.0
CRAG,669,0.20000000000000004,1.0,1.0,1.0,0.6,0.75,0.787702056960637,1.0,1.0,0.75,0.8571428571428571,1.0,1.0,1.0,1.0
CRAG,71,0.20000000000000004,1.0,1.0,1.0,0.4000000000000001,1.0,0.9197207891481876,1.0,0.5,1.0,0.6666666666666666,1.0,0.0,0.0,1.0
CRAG,749,0.20000000000000004,1.0,0.6309297535714575,0.5,0.20000000000000004,1.0,0.6309297535714575,0.5,0.5,1.0,0.6666666666666666,1.0,1.0,1.0,1.0
CRAG,76,0.20000000000000004,1.0,1.0,1.0,0.4000000000000001,1.0,0.6934264036172708,0.5,0.611111111111111,0.8333333333333334,0.7000000000000001,1.0,1.0,1.0,1.0
CRAG,788,0.20000000000000004,1.0,1.0,1.0,0.20000000000000004,1.0,0.5,0.3333333333333333,0.5,1.0,0.6666666666666666,1.0,1.0,1.0,1.0
CRAG,789,0.13333333333333333,0.6666666666666666,0.6666666666666666,0.6666666666666666,0.13333333333333333,0.3333333333333333,0.2579018714896944,0.38095238095238093,0.0,0.0,0.0,0.0,0.0,0.0,1.0
CRAG,797,0.20000000000000004,1.0,0.6309297535714575,0.5,0.20000000000000004,1.0,0.6309297535714575,0.5,0.5,1.0,0.6666666666666666,1.0,1.0,1.0,1.0
CRAG,802,0.20000000000000004,1.0,1.0,1.0,0.20000000000000004,0.5,0.278236613842637,0.27777777777777773,0.3333333333333333,0.3333333333333333,0.3333333333333333,0.6666666666666666,1.0,0.6666666666666666,1.0
CRAG,807,0.20000000000000004,1.0,1.0,1.0,0.20000000000000004,1.0,0.43067655807339306,0.25,0.5,1.0,0.6666666666666666,1.0,0.0,0.0,1.0
CRAG,812,0.20000000000000004,1.0,1.0,1.0,0.20000000000000004,0.3333333333333333,0.23463936301137822,0.3333333333333333,0.5,0.3333333333333333,0.4000000000000001,0.0,1.0,0.0,1.0
CRAG,841,0.20000000000000004,1.0,1.0,1.0,0.0,0.0,0.0,0.1111111111111111,0.0,0.0,0.0,0.0,0.0,0.0,1.0
CRAG,856,0.20000000000000004,1.0,1.0,1.0,0.0,0.0,0.0,0.03671497584541063,0.0,0.0,0.0,0.0,1.0,0.0,1.0
CRAG,857,0.20000000000000004,1.0,1.0,1.0,0.0,0.0,0.0,0.04456654456654457,0.0,0.0,0.0,0.0,1.0,0.0,1.0
CRAG,86,0.4000000000000001,1.0,0.9197207891481876,1.0,0.4000000000000001,1.0,0.9197207891481876,1.0,1.0,1.0,1.0,1.0,1.0,1.0,1.0
CRAG,881,0.20000000000000004,1.0,1.0,1.0,0.20000000000000004,1.0,1.0,1.0,1.0,1.0,1.0,1.0,1.0,1.0,1.0
CRAG,883,0.20000000000000004,1.0,1.0,1.0,0.20000000000000004,1.0,0.7539531690476383,0.6666666666666666,1.0,1.0,1.0,1.0,1.0,1.0,1.0
CRAG,885,0.20000000000000004,1.0,1.0,1.0,0.20000000000000004,0.5,0.6131471927654584,1.0,0.5,0.5,0.5,1.0,1.0,1.0,1.0
CRAG,909,0.20000000000000004,1.0,1.0,1.0,0.4000000000000001,1.0,0.5706417189553201,0.3333333333333333,0.5,0.5,0.5,1.0,1.0,1.0,1.0
CRAG,923,0.20000000000000004,1.0,1.0,1.0,0.4000000000000001,1.0,0.8772153153380492,1.0,1.0,1.0,1.0,1.0,1.0,1.0,1.0
CRAG,928,0.20000000000000004,1.0,1.0,1.0,0.4000000000000001,0.6666666666666666,0.6508205185601091,1.0,1.0,0.3333333333333333,0.5,1.0,1.0,1.0,1.0
CRAG,930,0.20000000000000004,1.0,1.0,1.0,0.20000000000000004,1.0,1.0,1.0,1.0,1.0,1.0,1.0,1.0,1.0,1.0
CRAG,941,0.20000000000000004,1.0,1.0,1.0,0.20000000000000004,0.5,0.6131471927654584,1.0,1.0,0.5,0.6666666666666666,1.0,1.0,1.0,1.0
CRAG,942,0.20000000000000004,1.0,1.0,1.0,0.20000000000000004,1.0,1.0,1.0,0.5,1.0,0.6666666666666666,1.0,0.0,0.0,1.0
CRAG,955,0.4000000000000001,1.0,0.9197207891481876,1.0,0.4000000000000001,1.0,0.9197207891481876,1.0,0.6666666666666666,1.0,0.8000000000000002,1.0,1.0,1.0,1.0
CRAG,965,0.20000000000000004,1.0,1.0,1.0,0.4000000000000001,0.6666666666666666,0.6713860725233042,1.0,0.6666666666666666,0.6666666666666666,0.6666666666666666,1.0,1.0,1.0,1.0
CRAG,977,0.0,0.0,0.0,0.0,0.0,0.0,0.0,0.0,0.0,0.0,0.0,0.0,1.0,0.0,1.0
CRAG,984,0.20000000000000004,1.0,1.0,1.0,0.20000000000000004,1.0,0.5,0.3333333333333333,0.5,1.0,0.6666666666666666,1.0,1.0,1.0,1.0
CRAG,990,0.20000000000000004,1.0,1.0,1.0,0.20000000000000004,1.0,1.0,1.0,1.0,1.0,1.0,1.0,1.0,1.0,1.0
CRAG,994,0.20000000000000004,1.0,1.0,1.0,0.20000000000000004,1.0,1.0,1.0,1.0,1.0,1.0,1.0,1.0,1.0,1.0
Dense,1000,0.20000000000000004,1.0,1.0,1.0,0.20000000000000004,1.0,1.0,1.0,1.0,1.0,1.0,1.0,1.0,1.0,1.0
Dense,1004,0.6,1.0,1.0,1.0,0.8000000000000002,0.5,0.8687949224876582,1.0,1.0,0.375,0.5454545454545454,1.0,1.0,1.0,1.0
Dense,1005,0.6,1.0,1.0,1.0,0.6,0.375,0.722726572644952,1.0,1.0,0.2916666666666667,0.4484848484848485,1.0,1.0,1.0,1.0
Dense,1023,0.20000000000000004,1.0,1.0,1.0,0.20000000000000004,1.0,0.6309297535714575,0.5,0.5,1.0,0.6666666666666666,1.0,1.0,1.0,1.0
Dense,1040,0.20000000000000004,1.0,0.5,0.3333333333333333,0.0,0.0,0.0,0.0,0.0,0.0,0.0,0.0,0.0,0.0,1.0
Dense,1045,0.20000000000000004,1.0,1.0,1.0,0.8000000000000002,1.0,1.0,1.0,1.0,0.5,0.6666666666666666,1.0,1.0,1.0,1.0
Dense,1050,0.20000000000000004,1.0,1.0,1.0,0.20000000000000004,0.5,0.38685280723454163,0.5,0.6666666666666666,0.5,0.5555555555555555,0.0,1.0,0.0,1.0
Dense,108,0.6,1.0,1.0,1.0,0.6,0.3333333333333333,0.6992148198508502,1.0,1.0,0.25925925925925924,0.409090909090909,1.0,1.0,1.0,1.0
Dense,1084,0.20000000000000004,1.0,1.0,1.0,0.0,0.0,0.0,0.14285714285714285,0.0,0.0,0.0,0.0,0.0,0.0,1.0
Dense,109,0.20000000000000004,1.0,1.0,1.0,0.20000000000000004,1.0,1.0,1.0,0.5,1.0,0.6666666666666666,1.0,1.0,1.0,1.0
Dense,1090,0.20000000000000004,1.0,1.0,1.0,0.0,0.0,0.0,0.16666666666666666,0.0,0.0,0.0,0.0,1.0,0.0,1.0
Dense,1105,0.20000000000000004,1.0,1.0,1.0,0.4000000000000001,0.6666666666666666,0.6713860725233042,1.0,0.8888888888888888,0.6666666666666666,0.7555555555555555,1.0,1.0,1.0,1.0
Dense,1141,0.20000000000000004,1.0,1.0,1.0,0.6,1.0,0.6797310500037655,0.5,1.0,1.0,1.0,1.0,1.0,1.0,1.0
Dense,1142,0.20000000000000004,1.0,1.0,1.0,0.0,0.0,0.0,0.0,0.0,0.0,0.0,0.0,1.0,0.0,1.0
Dense,1145,0.20000000000000004,1.0,1.0,1.0,0.6,1.0,0.8854598815714874,1.0,0.8333333333333334,1.0,0.9047619047619048,1.0,0.0,0.0,1.0
Dense,1153,0.20000000000000004,1.0,1.0,1.0,0.4000000000000001,1.0,0.9197207891481876,1.0,0.5,0.5,0.5,1.0,1.0,1.0,1.0
Dense,1158,0.20000000000000004,1.0,1.0,1.0,0.20000000000000004,1.0,1.0,1.0,1.0,1.0,1.0,1.0,1.0,1.0,1.0
Dense,116,0.20000000000000004,1.0,1.0,1.0,0.0,0.0,0.0,0.14285714285714285,0.0,0.0,0.0,0.0,0.0,0.0,1.0
Dense,1171,0.20000000000000004,1.0,1.0,1.0,0.4000000000000001,1.0,1.0,1.0,1.0,1.0,1.0,1.0,1.0,1.0,1.0
Dense,1210,0.20000000000000004,1.0,1.0,1.0,0.20000000000000004,1.0,0.5,0.3333333333333333,0.3333333333333333,1.0,0.5,1.0,1.0,1.0,1.0
Dense,122,0.20000000000000004,1.0,1.0,1.0,0.20000000000000004,1.0,0.6309297535714575,0.5,0.5,1.0,0.6666666666666666,1.0,1.0,1.0,1.0
Dense,1227,0.20000000000000004,1.0,1.0,1.0,0.20000000000000004,1.0,1.0,1.0,1.0,1.0,1.0,1.0,1.0,1.0,1.0
Dense,1234,0.20000000000000004,1.0,1.0,1.0,0.20000000000000004,1.0,1.0,1.0,0.5,1.0,0.6666666666666666,1.0,1.0,1.0,1.0
Dense,1238,0.20000000000000004,1.0,1.0,1.0,0.20000000000000004,1.0,1.0,1.0,1.0,1.0,1.0,1.0,1.0,1.0,1.0
Dense,1258,0.20000000000000004,1.0,0.6309297535714575,0.5,0.20000000000000004,1.0,0.6309297535714575,0.5,1.0,1.0,1.0,1.0,0.0,0.0,1.0
Dense,1265,0.20000000000000004,1.0,1.0,1.0,0.4000000000000001,1.0,1.0,1.0,1.0,1.0,1.0,1.0,1.0,1.0,1.0
Dense,1276,0.20000000000000004,1.0,1.0,1.0,0.20000000000000004,1.0,0.6309297535714575,0.5,1.0,1.0,1.0,1.0,1.0,1.0,1.0
Dense,1311,0.20000000000000004,1.0,1.0,1.0,0.20000000000000004,0.20000000000000004,0.3391602052736162,1.0,0.4444444444444444,0.20000000000000004,0.27380952380952384,1.0,1.0,1.0,1.0
Dense,1312,0.20000000000000004,1.0,1.0,1.0,0.20000000000000004,1.0,1.0,1.0,1.0,1.0,1.0,1.0,1.0,1.0,1.0
Dense,1324,0.20000000000000004,1.0,1.0,1.0,0.4000000000000001,1.0,0.9197207891481876,1.0,0.8333333333333334,0.5,0.611111111111111,1.0,1.0,1.0,1.0
Dense,1333,0.20000000000000004,1.0,1.0,1.0,0.20000000000000004,1.0,1.0,1.0,0.3333333333333333,1.0,0.5,1.0,1.0,1.0,1.0
Dense,1355,0.20000000000000004,1.0,1.0,1.0,0.20000000000000004,1.0,1.0,1.0,1.0,1.0,1.0,1.0,1.0,1.0,1.0
Dense,1360,0.20000000000000004,1.0,1.0,1.0,0.20000000000000004,1.0,1.0,1.0,0.5,1.0,0.6666666666666666,1.0,1.0,1.0,1.0
Dense,1366,0.20000000000000004,1.0,1.0,1.0,0.4000000000000001,1.0,0.8772153153380492,1.0,0.5,1.0,0.6666666666666666,1.0,1.0,1.0,1.0
Dense,1367,0.20000000000000004,1.0,1.0,1.0,0.4000000000000001,1.0,0.5012658353418871,0.25,0.6666666666666666,1.0,0.8000000000000002,1.0,1.0,1.0,1.0
Dense,1373,0.20000000000000004,1.0,1.0,1.0,0.6,0.75,0.6096199500078984,0.5,0.75,0.75,0.75,1.0,1.0,1.0,1.0
Dense,1381,0.20000000000000004,1.0,1.0,1.0,0.4000000000000001,1.0,0.9197207891481876,1.0,0.5,0.5,0.5,1.0,1.0,1.0,1.0
Dense,1391,0.20000000000000004,1.0,1.0,1.0,0.20000000000000004,1.0,0.5,0.3333333333333333,0.3333333333333333,1.0,0.5,1.0,1.0,1.0,1.0
Dense,1393,0.20000000000000004,1.0,0.6309297535714575,0.5,0.20000000000000004,1.0,0.6309297535714575,0.5,1.0,1.0,1.0,1.0,1.0,1.0,1.0
Dense,1406,0.20000000000000004,1.0,1.0,1.0,0.20000000000000004,1.0,1.0,1.0,0.5,1.0,0.6666666666666666,1.0,1.0,1.0,1.0
Dense,144,0.20000000000000004,1.0,1.0,1.0,0.20000000000000004,0.3333333333333333,0.46927872602275644,1.0,1.0,0.3333333333333333,0.5,1.0,1.0,1.0,1.0
Dense,152,0.20000000000000004,1.0,1.0,1.0,0.4000000000000001,1.0,0.6934264036172708,0.5,0.5555555555555555,0.6666666666666666,0.6,1.0,0.0,0.0,1.0
Dense,156,0.20000000000000004,1.0,0.6309297535714575,0.5,0.0,0.0,0.0,0.14285714285714285,0.0,0.0,0.0,0.0,1.0,0.0,1.0
Dense,157,0.20000000000000004,1.0,1.0,1.0,0.20000000000000004,1.0,1.0,1.0,1.0,1.0,1.0,1.0,1.0,1.0,1.0
Dense,166,0.20000000000000004,1.0,1.0,1.0,0.20000000000000004,0.5,0.23719771276929622,0.20000000000000004,0.5,0.5,0.5,1.0,1.0,1.0,1.0
Dense,178,0.6,0.75,0.75369761125927,1.0,0.4000000000000001,0.2857142857142857,0.27727342735504823,0.25,1.0,0.2857142857142857,0.4444444444444445,1.0,1.0,1.0,1.0
Dense,203,0.20000000000000004,1.0,1.0,1.0,0.8000000000000002,0.8000000000000002,0.7860137352654725,1.0,1.0,0.6,0.7499999999999999,1.0,1.0,1.0,1.0
Dense,22,0.20000000000000004,1.0,1.0,1.0,0.20000000000000004,1.0,1.0,1.0,0.8333333333333334,1.0,0.8888888888888888,1.0,1.0,1.0,1.0
Dense,235,0.20000000000000004,1.0,1.0,1.0,0.4000000000000001,0.6666666666666666,0.7653606369886217,1.0,0.6666666666666666,0.6666666666666666,0.6666666666666666,1.0,1.0,1.0,1.0
Dense,242,0.20000000000000004,1.0,1.0,1.0,0.20000000000000004,1.0,0.6309297535714575,0.5,0.8333333333333334,1.0,0.8888888888888888,1.0,1.0,1.0,1.0
Dense,245,0.20000000000000004,1.0,1.0,1.0,0.0,0.0,0.0,0.1111111111111111,0.0,0.0,0.0,0.0,1.0,0.0,1.0
Dense,256,0.20000000000000004,1.0,1.0,1.0,0.20000000000000004,1.0,0.6309297535714575,0.5,0.3333333333333333,1.0,0.5,1.0,1.0,1.0,1.0
Dense,283,0.20000000000000004,1.0,1.0,1.0,0.20000000000000004,1.0,1.0,1.0,0.5,1.0,0.6666666666666666,1.0,1.0,1.0,1.0
Dense,290,0.20000000000000004,1.0,1.0,1.0,0.20000000000000004,0.3333333333333333,0.23463936301137822,0.3333333333333333,0.3333333333333333,0.3333333333333333,0.3333333333333333,1.0,1.0,1.0,1.0
Dense,308,0.20000000000000004,1.0,1.0,1.0,0.6,1.0,0.9674679834891693,1.0,1.0,0.3333333333333333,0.5,1.0,1.0,1.0,1.0
Dense,330,0.20000000000000004,1.0,1.0,1.0,0.20000000000000004,1.0,1.0,1.0,1.0,1.0,1.0,1.0,1.0,1.0,1.0
Dense,331,0.20000000000000004,1.0,1.0,1.0,0.20000000000000004,1.0,1.0,1.0,0.5,1.0,0.6666666666666666,1.0,1.0,1.0,1.0
Dense,332,0.20000000000000004,1.0,1.0,1.0,0.4000000000000001,1.0,1.0,1.0,1.0,1.0,1.0,1.0,1.0,1.0,1.0
Dense,334,0.20000000000000004,1.0,1.0,1.0,0.4000000000000001,0.6666666666666666,0.5307212739772434,0.5,0.5,0.3333333333333333,0.4000000000000001,1.0,1.0,1.0,1.0
Dense,339,0.20000000000000004,1.0,1.0,1.0,0.4000000000000001,0.5,0.6366824387328317,1.0,1.0,0.5,0.6666666666666666,1.0,1.0,1.0,1.0
Dense,340,0.20000000000000004,1.0,1.0,1.0,0.4000000000000001,0.6666666666666666,0.5307212739772434,0.5,1.0,0.6666666666666666,0.8000000000000002,1.0,1.0,1.0,1.0
Dense,342,0.20000000000000004,1.0,0.6309297535714575,0.5,0.0,0.0,0.0,0.0,0.0,0.0,0.0,0.0,1.0,0.0,1.0
Dense,366,0.20000000000000004,1.0,1.0,1.0,0.20000000000000004,1.0,1.0,1.0,1.0,1.0,1.0,1.0,0.0,0.0,1.0
Dense,381,0.20000000000000004,1.0,1.0,1.0,0.20000000000000004,0.5,0.23719771276929622,0.20000000000000004,0.0,0.0,0.0,0.0,1.0,0.0,1.0
Dense,382,0.20000000000000004,1.0,1.0,1.0,0.4000000000000001,0.5,0.6366824387328317,1.0,0.6666666666666666,0.5,0.5714285714285715,0.0,0.0,0.0,1.0
Dense,396,0.20000000000000004,1.0,1.0,1.0,0.20000000000000004,0.3333333333333333,0.2960819109658652,0.5,1.0,0.3333333333333333,0.5,1.0,1.0,1.0,1.0
Dense,400,0.20000000000000004,1.0,1.0,1.0,0.4000000000000001,1.0,0.8503449055347546,1.0,1.0,1.0,1.0,1.0,1.0,1.0,1.0
Dense,414,0.20000000000000004,1.0,0.5,0.3333333333333333,0.20000000000000004,1.0,0.5,0.3333333333333333,0.5,1.0,0.6666666666666666,1.0,1.0,1.0,1.0
Dense,430,0.20000000000000004,1.0,0.6309297535714575,0.5,0.0,0.0,0.0,0.03125,0.0,0.0,0.0,0.0,1.0,0.0,1.0
Dense,441,0.20000000000000004,1.0,1.0,1.0,0.20000000000000004,1.0,0.6309297535714575,0.5,0.0,0.0,0.0,0.0,0.0,0.0,1.0
Dense,46,0.20000000000000004,1.0,1.0,1.0,0.20000000000000004,1.0,1.0,1.0,0.5,1.0,0.6666666666666666,1.0,1.0,1.0,1.0
Dense,466,0.20000000000000004,1.0,1.0,1.0,0.4000000000000001,0.6666666666666666,0.6713860725233042,1.0,0.16666666666666666,0.1111111111111111,0.13333333333333333,0.0,1.0,0.0,1.0
Dense,47,0.20000000000000004,1.0,1.0,1.0,0.20000000000000004,1.0,1.0,1.0,0.38888888888888884,1.0,0.5555555555555555,1.0,1.0,1.0,1.0
Dense,482,0.20000000000000004,1.0,1.0,1.0,0.20000000000000004,1.0,0.6309297535714575,0.5,0.5,1.0,0.6666666666666666,1.0,1.0,1.0,1.0
Dense,500,0.20000000000000004,1.0,1.0,1.0,0.20000000000000004,1.0,0.5,0.3333333333333333,0.5,1.0,0.6666666666666666,1.0,1.0,1.0,1.0
Dense,505,0.20000000000000004,1.0,1.0,1.0,0.4000000000000001,1.0,0.9197207891481876,1.0,0.6666666666666666,1.0,0.8000000000000002,1.0,1.0,1.0,1.0
Dense,515,0.20000000000000004,1.0,1.0,1.0,0.20000000000000004,0.5,0.6131471927654584,1.0,0.5,0.5,0.5,1.0,1.0,1.0,1.0
Dense,531,0.6,1.0,0.9674679834891693,1.0,0.6,1.0,0.9674679834891693,1.0,0.75,1.0,0.8571428571428571,1.0,1.0,1.0,1.0
Dense,541,0.4000000000000001,1.0,1.0,1.0,0.4000000000000001,0.6666666666666666,0.5307212739772434,0.5,1.0,0.6666666666666666,0.8000000000000002,1.0,1.0,1.0,1.0
Dense,547,0.20000000000000004,1.0,1.0,1.0,0.4000000000000001,1.0,1.0,1.0,1.0,1.0,1.0,1.0,1.0,1.0,1.0
Dense,548,0.20000000000000004,1.0,1.0,1.0,0.20000000000000004,0.3333333333333333,0.2960819109658652,0.5,0.5,0.3333333333333333,0.4000000000000001,1.0,1.0,1.0,1.0
Dense,55,0.20000000000000004,1.0,0.6309297535714575,0.5,0.6,1.0,0.7122630665145961,0.5,0.6666666666666666,0.6666666666666666,0.6666666666666666,1.0,1.0,1.0,1.0
Dense,562,0.20000000000000004,1.0,1.0,1.0,0.0,0.0,0.0,0.16666666666666666,0.0,0.0,0.0,0.0,0.0,0.0,1.0
Dense,566,0.20000000000000004,1.0,1.0,1.0,0.6,0.75,0.8318724637288826,1.0,1.0,0.25,0.4000000000000001,1.0,1.0,1.0,1.0
Dense,568,0.0,0.0,0.0,0.0,0.0,0.0,0.0,0.1111111111111111,0.0,0.0,0.0,0.0,0.0,0.0,1.0
Dense,58,0.20000000000000004,1.0,1.0,1.0,0.20000000000000004,1.0,1.0,1.0,1.0,1.0,1.0,1.0,1.0,1.0,1.0
Dense,624,0.20000000000000004,1.0,1.0,1.0,0.4000000000000001,1.0,1.0,1.0,0.5,0.5,0.5,1.0,1.0,1.0,1.0
Dense,626,0.20000000000000004,1.0,1.0,1.0,0.20000000000000004,1.0,1.0,1.0,1.0,1.0,1.0,1.0,1.0,1.0,1.0
Dense,661,0.20000000000000004,1.0,1.0,1.0,0.4000000000000001,0.6666666666666666,0.7039180890341347,1.0,0.5555555555555555,0.4444444444444444,0.48888888888888893,0.0,1.0,0.0,1.0
Dense,665,0.20000000000000004,1.0,1.0,1.0,0.4000000000000001,1.0,0.6934264036172708,0.5,1.0,1.0,1.0,1.0,1.0,1.0,1.0
Dense,668,0.20000000000000004,1.0,1.0,1.0,0.8000000000000002,1.0,1.0,1.0,1.0,0.75,0.8571428571428571,1.0,1.0,1.0,1.0
Dense,669,0.20000000000000004,1.0,1.0,1.0,0.6,0.75,0.787702056960637,1.0,1.0,0.75,0.8571428571428571,1.0,1.0,1.0,1.0
Dense,71,0.20000000000000004,1.0,1.0,1.0,0.4000000000000001,1.0,0.9197207891481876,1.0,0.8333333333333334,1.0,0.8888888888888888,1.0,0.0,0.0,1.0
Dense,749,0.20000000000000004,1.0,0.6309297535714575,0.5,0.20000000000000004,1.0,0.6309297535714575,0.5,0.5,1.0,0.6666666666666666,1.0,1.0,1.0,1.0
Dense,76,0.20000000000000004,1.0,1.0,1.0,0.4000000000000001,1.0,0.6934264036172708,0.5,0.611111111111111,0.8333333333333334,0.7000000000000001,1.0,1.0,1.0,1.0
Dense,788,0.20000000000000004,1.0,1.0,1.0,0.20000000000000004,1.0,0.43067655807339306,0.25,0.8333333333333334,1.0,0.8888888888888888,1.0,1.0,1.0,1.0
Dense,789,0.20000000000000004,1.0,1.0,1.0,0.20000000000000004,0.5,0.23719771276929622,0.20000000000000004,0.0,0.0,0.0,0.0,0.0,0.0,1.0
Dense,797,0.20000000000000004,1.0,0.6309297535714575,0.5,0.20000000000000004,1.0,0.6309297535714575,0.5,0.5,1.0,0.6666666666666666,1.0,1.0,1.0,1.0
Dense,802,0.20000000000000004,1.0,1.0,1.0,0.20000000000000004,0.5,0.38685280723454163,0.5,0.3333333333333333,0.5,0.4000000000000001,1.0,1.0,1.0,1.0
Dense,807,0.20000000000000004,1.0,1.0,1.0,0.20000000000000004,1.0,0.38685280723454163,0.20000000000000004,0.5,1.0,0.6666666666666666,1.0,0.0,0.0,1.0
Dense,812,0.20000000000000004,1.0,1.0,1.0,0.20000000000000004,0.3333333333333333,0.23463936301137822,0.3333333333333333,0.5,0.3333333333333333,0.4000000000000001,0.0,1.0,0.0,1.0
Dense,841,0.20000000000000004,1.0,1.0,1.0,0.0,0.0,0.0,0.04545454545454545,0.0,0.0,0.0,0.0,0.0,0.0,1.0
Dense,856,0.20000000000000004,1.0,0.5,0.3333333333333333,0.0,0.0,0.0,0.0,0.0,0.0,0.0,0.0,1.0,0.0,1.0
Dense,857,0.20000000000000004,1.0,0.5,0.3333333333333333,0.0,0.0,0.0,0.0,0.0,0.0,0.0,0.0,1.0,0.0,1.0
Dense,86,0.4000000000000001,1.0,0.9197207891481876,1.0,0.4000000000000001,1.0,0.9197207891481876,1.0,1.0,1.0,1.0,1.0,1.0,1.0,1.0
Dense,881,0.20000000000000004,1.0,1.0,1.0,0.20000000000000004,1.0,1.0,1.0,1.0,1.0,1.0,1.0,1.0,1.0,1.0
Dense,883,0.20000000000000004,1.0,1.0,1.0,0.20000000000000004,1.0,1.0,1.0,1.0,1.0,1.0,1.0,1.0,1.0,1.0
Dense,885,0.20000000000000004,1.0,1.0,1.0,0.20000000000000004,0.5,0.6131471927654584,1.0,0.5,0.5,0.5,1.0,1.0,1.0,1.0
Dense,909,0.20000000000000004,1.0,0.6309297535714575,0.5,0.20000000000000004,0.5,0.2640681225725909,0.25,0.3333333333333333,0.5,0.4000000000000001,1.0,1.0,1.0,1.0
Dense,923,0.20000000000000004,1.0,1.0,1.0,0.4000000000000001,1.0,0.8772153153380492,1.0,1.0,1.0,1.0,1.0,1.0,1.0,1.0
Dense,928,0.20000000000000004,1.0,1.0,1.0,0.0,0.0,0.0,0.16666666666666666,0.0,0.0,0.0,0.0,1.0,0.0,1.0
Dense,930,0.20000000000000004,1.0,1.0,1.0,0.20000000000000004,1.0,1.0,1.0,1.0,1.0,1.0,1.0,1.0,1.0,1.0
Dense,941,0.20000000000000004,1.0,1.0,1.0,0.20000000000000004,0.5,0.6131471927654584,1.0,1.0,0.5,0.6666666666666666,1.0,1.0,1.0,1.0
Dense,942,0.20000000000000004,1.0,1.0,1.0,0.20000000000000004,1.0,1.0,1.0,0.3333333333333333,1.0,0.5,1.0,0.0,0.0,1.0
Dense,955,0.4000000000000001,1.0,1.0,1.0,0.4000000000000001,1.0,0.8772153153380492,1.0,1.0,1.0,1.0,1.0,1.0,1.0,1.0
Dense,965,0.20000000000000004,1.0,1.0,1.0,0.4000000000000001,0.6666666666666666,0.6713860725233042,1.0,0.6666666666666666,0.6666666666666666,0.6666666666666666,1.0,1.0,1.0,1.0
Dense,977,0.0,0.0,0.0,0.0,0.0,0.0,0.0,0.0,0.0,0.0,0.0,0.0,0.0,0.0,1.0
Dense,984,0.20000000000000004,1.0,1.0,1.0,0.20000000000000004,1.0,0.5,0.3333333333333333,0.5,1.0,0.6666666666666666,1.0,1.0,1.0,1.0
Dense,990,0.20000000000000004,1.0,1.0,1.0,0.20000000000000004,1.0,1.0,1.0,1.0,1.0,1.0,1.0,1.0,1.0,1.0
Dense,994,0.20000000000000004,1.0,0.6309297535714575,0.5,0.20000000000000004,1.0,0.5,0.3333333333333333,1.0,1.0,1.0,1.0,1.0,1.0,1.0
Dense+Rerank,1000,0.20000000000000004,1.0,1.0,1.0,0.20000000000000004,1.0,1.0,1.0,1.0,1.0,1.0,1.0,1.0,1.0,1.0
Dense+Rerank,1004,0.6,1.0,1.0,1.0,0.20000000000000004,0.125,0.14606834984270645,0.25,0.25,0.125,0.16666666666666666,1.0,1.0,1.0,1.0
Dense+Rerank,1005,0.6,1.0,0.9060254355346823,1.0,0.4000000000000001,0.25,0.27727342735504823,0.25,1.0,0.25,0.4000000000000001,1.0,1.0,1.0,1.0
Dense+Rerank,1023,0.20000000000000004,1.0,1.0,1.0,0.20000000000000004,1.0,1.0,1.0,0.5,1.0,0.6666666666666666,1.0,1.0,1.0,1.0
Dense+Rerank,1040,0.20000000000000004,1.0,0.5,0.3333333333333333,0.0,0.0,0.0,0.0,0.0,0.0,0.0,0.0,1.0,0.0,1.0
Dense+Rerank,1045,0.20000000000000004,1.0,1.0,1.0,0.6,0.75,0.7365896932159578,1.0,0.5,0.25,0.3333333333333333,1.0,0.0,0.0,1.0
Dense+Rerank,1050,0.20000000000000004,1.0,1.0,1.0,0.20000000000000004,0.5,0.38685280723454163,0.5,1.0,0.5,0.6666666666666666,0.0,1.0,0.0,1.0
Dense+Rerank,108,0.6,1.0,1.0,1.0,0.4000000000000001,0.2222222222222222,0.4852285551163226,1.0,1.0,0.2222222222222222,0.3636363636363636,1.0,1.0,1.0,1.0
Dense+Rerank,1084,0.20000000000000004,1.0,1.0,1.0,0.20000000000000004,1.0,0.6309297535714575,0.5,0.5,1.0,0.6666666666666666,1.0,1.0,1.0,1.0
Dense+Rerank,109,0.20000000000000004,1.0,1.0,1.0,0.20000000000000004,1.0,1.0,1.0,1.0,1.0,1.0,1.0,1.0,1.0,1.0
Dense+Rerank,1090,0.20000000000000004,1.0,1.0,1.0,0.20000000000000004,1.0,0.5,0.3333333333333333,0.3333333333333333,1.0,0.5,1.0,1.0,1.0,1.0
Dense+Rerank,1105,0.20000000000000004,1.0,1.0,1.0,0.4000000000000001,0.6666666666666666,0.7039180890341347,1.0,1.0,0.6666666666666666,0.8000000000000002,1.0,1.0,1.0,1.0
Dense+Rerank,1141,0.20000000000000004,1.0,1.0,1.0,0.4000000000000001,0.6666666666666666,0.6508205185601091,1.0,1.0,0.6666666666666666,0.8000000000000002,1.0,1.0,1.0,1.0
Dense+Rerank,1142,0.20000000000000004,1.0,1.0,1.0,0.0,0.0,0.0,0.0,0.0,0.0,0.0,0.0,1.0,0.0,1.0
Dense+Rerank,1145,0.20000000000000004,1.0,1.0,1.0,0.4000000000000001,0.6666666666666666,0.4367467095119258,0.3333333333333333,1.0,0.6666666666666666,0.8000000000000002,1.0,0.0,0.0,1.0
Dense+Rerank,1153,0.20000000000000004,1.0,1.0,1.0,0.20000000000000004,0.5,0.38685280723454163,0.5,0.25,0.5,0.3333333333333333,1.0,1.0,1.0,1.0
Dense+Rerank,1158,0.20000000000000004,1.0,1.0,1.0,0.20000000000000004,1.0,1.0,1.0,1.0,1.0,1.0,1.0,1.0,1.0,1.0
Dense+Rerank,116,0.20000000000000004,1.0,1.0,1.0,0.0,0.0,0.0,0.16666666666666666,0.0,0.0,0.0,0.0,1.0,0.0,1.0
Dense+Rerank,1171,0.20000000000000004,1.0,1.0,1.0,0.4000000000000001,1.0,1.0,1.0,1.0,1.0,1.0,1.0,1.0,1.0,1.0
Dense+Rerank,1210,0.20000000000000004,1.0,1.0,1.0,0.20000000000000004,1.0,1.0,1.0,0.5,1.0,0.6666666666666666,1.0,1.0,1.0,1.0
Dense+Rerank,122,0.20000000000000004,1.0,1.0,1.0,0.20000000000000004,1.0,1.0,1.0,0.0,0.0,0.0,0.0,1.0,0.0,1.0
Dense+Rerank,1227,0.20000000000000004,1.0,1.0,1.0,0.20000000000000004,1.0,0.6309297535714575,0.5,1.0,1.0,1.0,1.0,1.0,1.0,1.0
Dense+Rerank,1234,0.20000000000000004,1.0,1.0,1.0,0.20000000000000004,1.0,1.0,1.0,0.5,1.0,0.6666666666666666,1.0,1.0,1.0,1.0
Dense+Rerank,1238,0.20000000000000004,1.0,1.0,1.0,0.20000000000000004,1.0,1.0,1.0,1.0,1.0,1.0,1.0,1.0,1.0,1.0
Dense+Rerank,1258,0.20000000000000004,1.0,1.0,1.0,0.20000000000000004,1.0,1.0,1.0,1.0,1.0,1.0,1.0,0.0,0.0,1.0
Dense+Rerank,1265,0.20000000000000004,1.0,1.0,1.0,0.20000000000000004,0.5,0.6131471927654584,1.0,1.0,0.5,0.6666666666666666,1.0,1.0,1.0,1.0
Dense+Rerank,1276,0.20000000000000004,1.0,0.6309297535714575,0.5,0.20000000000000004,1.0,0.6309297535714575,0.5,1.0,1.0,1.0,1.0,1.0,1.0,1.0
Dense+Rerank,1311,0.20000000000000004,1.0,1.0,1.0,0.4000000000000001,0.4000000000000001,0.5531464700081437,1.0,1.0,0.4000000000000001,0.5714285714285715,1.0,1.0,1.0,1.0
Dense+Rerank,1312,0.20000000000000004,1.0,1.0,1.0,0.20000000000000004,1.0,1.0,1.0,1.0,1.0,1.0,1.0,1.0,1.0,1.0
Dense+Rerank,1324,0.20000000000000004,1.0,1.0,1.0,0.4000000000000001,1.0,1.0,1.0,1.0,0.5,0.6666666666666666,1.0,1.0,1.0,1.0
Dense+Rerank,1333,0.20000000000000004,1.0,1.0,1.0,0.20000000000000004,1.0,1.0,1.0,0.6666666666666666,1.0,0.7777777777777777,1.0,1.0,1.0,1.0
Dense+Rerank,1355,0.20000000000000004,1.0,1.0,1.0,0.20000000000000004,1.0,1.0,1.0,1.0,1.0,1.0,1.0,1.0,1.0,1.0
Dense+Rerank,1360,0.20000000000000004,1.0,0.6309297535714575,0.5,0.20000000000000004,1.0,0.5,0.3333333333333333,0.5,1.0,0.6666666666666666,1.0,1.0,1.0,1.0
Dense+Rerank,1366,0.20000000000000004,1.0,1.0,1.0,0.4000000000000001,1.0,0.6934264036172708,0.5,0.8888888888888888,1.0,0.9333333333333332,1.0,0.0,0.0,1.0
Dense+Rerank,1367,0.20000000000000004,1.0,1.0,1.0,0.0,0.0,0.0,0.10000000000000002,0.0,0.0,0.0,0.0,1.0,0.0,1.0
Dense+Rerank,1373,0.20000000000000004,1.0,1.0,1.0,0.20000000000000004,0.25,0.3903800499921017,1.0,0.5,0.25,0.3333333333333333,0.0,1.0,0.0,1.0
Dense+Rerank,1381,0.20000000000000004,1.0,1.0,1.0,0.20000000000000004,0.5,0.3065735963827292,0.3333333333333333,0.5,0.5,0.5,1.0,0.0,0.0,1.0
Dense+Rerank,1391,0.20000000000000004,1.0,1.0,1.0,0.20000000000000004,1.0,0.6309297535714575,0.5,0.3333333333333333,1.0,0.5,1.0,1.0,1.0,1.0
Dense+Rerank,1393,0.20000000000000004,1.0,1.0,1.0,0.20000000000000004,1.0,1.0,1.0,1.0,1.0,1.0,1.0,1.0,1.0,1.0
Dense+Rerank,1406,0.20000000000000004,1.0,1.0,1.0,0.20000000000000004,1.0,1.0,1.0,0.5,1.0,0.6666666666666666,1.0,1.0,1.0,1.0
Dense+Rerank,144,0.20000000000000004,1.0,1.0,1.0,0.20000000000000004,0.3333333333333333,0.46927872602275644,1.0,1.0,0.3333333333333333,0.5,1.0,1.0,1.0,1.0
Dense+Rerank,152,0.20000000000000004,1.0,1.0,1.0,0.4000000000000001,1.0,1.0,1.0,0.6666666666666666,1.0,0.8000000000000002,1.0,0.0,0.0,1.0
Dense+Rerank,156,0.20000000000000004,1.0,1.0,1.0,0.0,0.0,0.0,0.14285714285714285,0.0,0.0,0.0,0.0,1.0,0.0,1.0
Dense+Rerank,157,0.20000000000000004,1.0,1.0,1.0,0.20000000000000004,1.0,1.0,1.0,0.5,1.0,0.6666666666666666,1.0,1.0,1.0,1.0
Dense+Rerank,166,0.20000000000000004,1.0,1.0,1.0,0.0,0.0,0.0,0.125,0.0,0.0,0.0,0.0,1.0,0.0,1.0
Dense+Rerank,178,0.6,0.75,0.8318724637288826,1.0,0.4000000000000001,0.2857142857142857,0.5087403079104241,1.0,1.0,0.2857142857142857,0.4444444444444445,1.0,1.0,1.0,1.0
Dense+Rerank,203,0.20000000000000004,1.0,1.0,1.0,0.20000000000000004,0.20000000000000004,0.21398626473452756,0.5,0.5,0.20000000000000004,0.28571428571428575,1.0,1.0,1.0,1.0
Dense+Rerank,22,0.20000000000000004,1.0,1.0,1.0,0.20000000000000004,1.0,1.0,1.0,1.0,1.0,1.0,1.0,1.0,1.0,1.0
Dense+Rerank,235,0.20000000000000004,1.0,1.0,1.0,0.20000000000000004,0.3333333333333333,0.46927872602275644,1.0,1.0,0.3333333333333333,0.5,1.0,1.0,1.0,1.0
Dense+Rerank,242,0.20000000000000004,1.0,1.0,1.0,0.0,0.0,0.0,0.0588235294117647,0.0,0.0,0.0,0.0,1.0,0.0,1.0
Dense+Rerank,245,0.20000000000000004,1.0,0.6309297535714575,0.5,0.0,0.0,0.0,0.1111111111111111,0.0,0.0,0.0,0.0,1.0,0.0,1.0
Dense+Rerank,256,0.20000000000000004,1.0,1.0,1.0,0.20000000000000004,1.0,0.5,0.3333333333333333,0.5,1.0,0.6666666666666666,1.0,1.0,1.0,1.0
Dense+Rerank,283,0.20000000000000004,1.0,1.0,1.0,0.20000000000000004,1.0,0.6309297535714575,0.5,0.4444444444444444,1.0,0.611111111111111,1.0,1.0,1.0,1.0
Dense+Rerank,290,0.20000000000000004,1.0,1.0,1.0,0.20000000000000004,0.3333333333333333,0.23463936301137822,0.3333333333333333,0.4444444444444444,0.3333333333333333,0.37777777777777777,1.0,1.0,1.0,1.0
Dense+Rerank,308,0.20000000000000004,1.0,1.0,1.0,0.6,1.0,1.0,1.0,1.0,0.3333333333333333,0.5,1.0,1.0,1.0,1.0
Dense+Rerank,330,0.20000000000000004,1.0,1.0,1.0,0.20000000000000004,1.0,1.0,1.0,1.0,1.0,1.0,1.0,1.0,1.0,1.0
Dense+Rerank,331,0.20000000000000004,1.0,1.0,1.0,0.20000000000000004,1.0,1.0,1.0,0.5,1.0,0.6666666666666666,1.0,1.0,1.0,1.0
Dense+Rerank,332,0.20000000000000004,1.0,1.0,1.0,0.4000000000000001,1.0,0.8503449055347546,1.0,1.0,1.0,1.0,1.0,1.0,1.0,1.0
Dense+Rerank,334,0.20000000000000004,1.0,1.0,1.0,0.4000000000000001,0.6666666666666666,0.7653606369886217,1.0,0.5,0.3333333333333333,0.4000000000000001,1.0,1.0,1.0,1.0
Dense+Rerank,339,0.20000000000000004,1.0,1.0,1.0,0.6,0.75,0.75369761125927,1.0,1.0,0.75,0.8571428571428571,1.0,1.0,1.0,1.0
Dense+Rerank,340,0.20000000000000004,1.0,1.0,1.0,0.4000000000000001,0.6666666666666666,0.477623703503218,0.5,1.0,0.6666666666666666,0.8000000000000002,1.0,1.0,1.0,1.0
Dense+Rerank,342,0.20000000000000004,1.0,0.6309297535714575,0.5,0.0,0.0,0.0,0.0,0.0,0.0,0.0,0.0,1.0,0.0,1.0
Dense+Rerank,366,0.20000000000000004,1.0,1.0,1.0,0.20000000000000004,1.0,0.5,0.3333333333333333,1.0,1.0,1.0,1.0,1.0,1.0,1.0
Dense+Rerank,381,0.20000000000000004,1.0,1.0,1.0,0.4000000000000001,1.0,0.6934264036172708,0.5,0.0,0.0,0.0,0.0,1.0,0.0,1.0
Dense+Rerank,382,0.20000000000000004,1.0,0.38685280723454163,0.20000000000000004,0.0,0.0,0.0,0.16666666666666666,0.0,0.0,0.0,0.0,0.0,0.0,1.0
Dense+Rerank,396,0.20000000000000004,1.0,1.0,1.0,0.4000000000000001,0.6666666666666666,0.6713860725233042,1.0,1.0,0.6666666666666666,0.8000000000000002,1.0,1.0,1.0,1.0
Dense+Rerank,400,0.20000000000000004,1.0,1.0,1.0,0.20000000000000004,0.5,0.6131471927654584,1.0,1.0,0.5,0.6666666666666666,1.0,1.0,1.0,1.0
Dense+Rerank,414,0.20000000000000004,1.0,0.5,0.3333333333333333,0.0,0.0,0.0,0.14285714285714285,0.0,0.0,0.0,0.0,1.0,0.0,1.0
Dense+Rerank,430,0.20000000000000004,1.0,0.43067655807339306,0.25,0.0,0.0,0.0,0.03125,0.0,0.0,0.0,0.0,1.0,0.0,1.0
Dense+Rerank,441,0.20000000000000004,1.0,1.0,1.0,0.20000000000000004,1.0,0.5,0.3333333333333333,1.0,1.0,1.0,1.0,0.0,0.0,1.0
Dense+Rerank,46,0.20000000000000004,1.0,1.0,1.0,0.20000000000000004,1.0,0.5,0.3333333333333333,0.5,1.0,0.6666666666666666,1.0,1.0,1.0,1.0
Dense+Rerank,466,0.20000000000000004,1.0,1.0,1.0,0.20000000000000004,0.3333333333333333,0.46927872602275644,1.0,0.20000000000000004,0.3333333333333333,0.25,0.0,1.0,0.0,1.0
Dense+Rerank,47,0.20000000000000004,1.0,1.0,1.0,0.20000000000000004,1.0,1.0,1.0,0.5,1.0,0.6666666666666666,1.0,1.0,1.0,1.0
Dense+Rerank,482,0.20000000000000004,1.0,1.0,1.0,0.20000000000000004,1.0,0.6309297535714575,0.5,0.5,1.0,0.6666666666666666,1.0,1.0,1.0,1.0
Dense+Rerank,500,0.20000000000000004,1.0,0.6309297535714575,0.5,0.0,0.0,0.0,0.07692307692307693,0.0,0.0,0.0,0.0,1.0,0.0,1.0
Dense+Rerank,505,0.20000000000000004,1.0,1.0,1.0,0.4000000000000001,1.0,1.0,1.0,1.0,1.0,1.0,1.0,1.0,1.0,1.0
Dense+Rerank,515,0.20000000000000004,1.0,1.0,1.0,0.20000000000000004,0.5,0.6131471927654584,1.0,0.5,0.5,0.5,1.0,1.0,1.0,1.0
Dense+Rerank,531,0.20000000000000004,0.3333333333333333,0.20210734650054754,0.25,0.20000000000000004,0.3333333333333333,0.18154179253735267,0.20000000000000004,0.5,0.3333333333333333,0.4000000000000001,1.0,1.0,1.0,1.0
Dense+Rerank,541,0.20000000000000004,0.5,0.38685280723454163,0.5,0.0,0.0,0.0,0.125,0.0,0.0,0.0,0.0,1.0,0.0,1.0
Dense+Rerank,547,0.20000000000000004,1.0,1.0,1.0,0.4000000000000001,1.0,0.9197207891481876,1.0,1.0,1.0,1.0,1.0,1.0,1.0,1.0
Dense+Rerank,548,0.20000000000000004,1.0,0.6309297535714575,0.5,0.20000000000000004,0.3333333333333333,0.2960819109658652,0.5,0.3333333333333333,0.3333333333333333,0.3333333333333333,1.0,1.0,1.0,1.0
Dense+Rerank,55,0.20000000000000004,1.0,0.6309297535714575,0.5,0.20000000000000004,0.3333333333333333,0.23463936301137822,0.3333333333333333,0.5,0.3333333333333333,0.4000000000000001,1.0,1.0,1.0,1.0
Dense+Rerank,562,0.20000000000000004,1.0,0.6309297535714575,0.5,0.20000000000000004,1.0,0.6309297535714575,0.5,0.5,1.0,0.6666666666666666,1.0,1.0,1.0,1.0
Dense+Rerank,566,0.20000000000000004,1.0,1.0,1.0,0.8000000000000002,1.0,1.0,1.0,1.0,0.25,0.4000000000000001,1.0,1.0,1.0,1.0
Dense+Rerank,568,0.0,0.0,0.0,0.0,0.0,0.0,0.0,0.14285714285714285,0.0,0.0,0.0,0.0,0.0,0.0,1.0
Dense+Rerank,58,0.20000000000000004,1.0,1.0,1.0,0.20000000000000004,1.0,1.0,1.0,1.0,1.0,1.0,1.0,1.0,1.0,1.0
Dense+Rerank,624,0.20000000000000004,1.0,1.0,1.0,0.4000000000000001,1.0,1.0,1.0,1.0,1.0,1.0,1.0,1.0,1.0,1.0
Dense+Rerank,626,0.20000000000000004,1.0,1.0,1.0,0.20000000000000004,1.0,1.0,1.0,1.0,1.0,1.0,1.0,1.0,1.0,1.0
Dense+Rerank,661,0.20000000000000004,1.0,1.0,1.0,0.4000000000000001,0.6666666666666666,0.6508205185601091,1.0,0.5,0.3333333333333333,0.4000000000000001,0.0,1.0,0.0,1.0
Dense+Rerank,665,0.20000000000000004,1.0,1.0,1.0,0.4000000000000001,1.0,0.8503449055347546,1.0,0.6666666666666666,1.0,0.8000000000000002,1.0,1.0,1.0,1.0
Dense+Rerank,668,0.20000000000000004,1.0,1.0,1.0,0.6,0.75,0.8318724637288826,1.0,1.0,0.75,0.8571428571428571,1.0,1.0,1.0,1.0
Dense+Rerank,669,0.20000000000000004,1.0,1.0,1.0,0.4000000000000001,0.5,0.5585075862632192,1.0,0.5,0.25,0.3333333333333333,1.0,1.0,1.0,1.0
Dense+Rerank,71,0.20000000000000004,1.0,1.0,1.0,0.4000000000000001,1.0,0.6509209298071326,0.5,0.6666666666666666,1.0,0.8000000000000002,1.0,0.0,0.0,1.0
Dense+Rerank,749,0.20000000000000004,1.0,0.5,0.3333333333333333,0.20000000000000004,1.0,0.5,0.3333333333333333,0.3333333333333333,1.0,0.5,1.0,1.0,1.0,1.0
Dense+Rerank,76,0.20000000000000004,1.0,1.0,1.0,0.4000000000000001,1.0,1.0,1.0,0.611111111111111,0.8333333333333334,0.7000000000000001,1.0,1.0,1.0,1.0
Dense+Rerank,788,0.20000000000000004,1.0,1.0,1.0,0.20000000000000004,1.0,0.38685280723454163,0.20000000000000004,0.5,1.0,0.6666666666666666,1.0,1.0,1.0,1.0
Dense+Rerank,789,0.20000000000000004,1.0,1.0,1.0,0.4000000000000001,1.0,0.9197207891481876,1.0,0.0,0.0,0.0,0.0,1.0,0.0,1.0
Dense+Rerank,797,0.20000000000000004,1.0,1.0,1.0,0.20000000000000004,1.0,1.0,1.0,0.5,1.0,0.6666666666666666,1.0,1.0,1.0,1.0
Dense+Rerank,802,0.20000000000000004,1.0,1.0,1.0,0.20000000000000004,0.5,0.6131471927654584,1.0,0.6666666666666666,0.5,0.5555555555555555,1.0,1.0,1.0,1.0
Dense+Rerank,807,0.20000000000000004,1.0,1.0,1.0,0.0,0.0,0.0,0.0909090909090909,0.0,0.0,0.0,0.0,0.0,0.0,1.0
Dense+Rerank,812,0.20000000000000004,1.0,1.0,1.0,0.20000000000000004,0.3333333333333333,0.46927872602275644,1.0,0.5,0.3333333333333333,0.4000000000000001,0.0,1.0,0.0,1.0
Dense+Rerank,841,0.20000000000000004,1.0,1.0,1.0,0.0,0.0,0.0,0.04545454545454545,0.0,0.0,0.0,0.0,0.0,0.0,1.0
Dense+Rerank,856,0.20000000000000004,1.0,0.6309297535714575,0.5,0.0,0.0,0.0,0.0,0.0,0.0,0.0,0.0,1.0,0.0,1.0
Dense+Rerank,857,0.20000000000000004,1.0,1.0,1.0,0.0,0.0,0.0,0.0,0.0,0.0,0.0,0.0,1.0,0.0,1.0
Dense+Rerank,86,0.4000000000000001,1.0,0.6934264036172708,0.5,0.4000000000000001,1.0,0.6509209298071326,0.5,1.0,1.0,1.0,1.0,1.0,1.0,1.0
Dense+Rerank,881,0.20000000000000004,1.0,1.0,1.0,0.20000000000000004,1.0,1.0,1.0,1.0,1.0,1.0,1.0,1.0,1.0,1.0
Dense+Rerank,883,0.20000000000000004,1.0,1.0,1.0,0.20000000000000004,1.0,1.0,1.0,1.0,1.0,1.0,1.0,1.0,1.0,1.0
Dense+Rerank,885,0.20000000000000004,1.0,1.0,1.0,0.20000000000000004,0.5,0.6131471927654584,1.0,0.8333333333333334,0.5,0.611111111111111,1.0,1.0,1.0,1.0
Dense+Rerank,909,0.20000000000000004,1.0,0.6309297535714575,0.5,0.20000000000000004,0.5,0.3065735963827292,0.3333333333333333,0.5,0.5,0.5,1.0,1.0,1.0,1.0
Dense+Rerank,923,0.20000000000000004,1.0,1.0,1.0,0.4000000000000001,1.0,1.0,1.0,1.0,1.0,1.0,1.0,1.0,1.0,1.0
Dense+Rerank,928,0.20000000000000004,1.0,1.0,1.0,0.0,0.0,0.0,0.16666666666666666,0.0,0.0,0.0,0.0,1.0,0.0,1.0
Dense+Rerank,930,0.20000000000000004,1.0,1.0,1.0,0.0,0.0,0.0,0.05555555555555555,0.0,0.0,0.0,0.0,1.0,0.0,1.0
Dense+Rerank,941,0.20000000000000004,1.0,1.0,1.0,0.20000000000000004,0.5,0.38685280723454163,0.5,1.0,0.5,0.6666666666666666,1.0,1.0,1.0,1.0
Dense+Rerank,942,0.20000000000000004,1.0,0.6309297535714575,0.5,0.20000000000000004,1.0,0.5,0.3333333333333333,0.5,1.0,0.6666666666666666,1.0,0.0,0.0,1.0
Dense+Rerank,955,0.4000000000000001,1.0,1.0,1.0,0.4000000000000001,1.0,0.8772153153380492,1.0,1.0,1.0,1.0,1.0,1.0,1.0,1.0
Dense+Rerank,965,0.20000000000000004,1.0,1.0,1.0,0.4000000000000001,0.6666666666666666,0.6508205185601091,1.0,0.6666666666666666,0.6666666666666666,0.6666666666666666,1.0,1.0,1.0,1.0
Dense+Rerank,977,0.0,0.0,0.0,0.0,0.0,0.0,0.0,0.0,0.0,0.0,0.0,0.0,1.0,0.0,1.0
Dense+Rerank,984,0.20000000000000004,1.0,1.0,1.0,0.20000000000000004,1.0,1.0,1.0,0.5,1.0,0.6666666666666666,1.0,1.0,1.0,1.0
Dense+Rerank,990,0.20000000000000004,1.0,1.0,1.0,0.20000000000000004,1.0,1.0,1.0,1.0,1.0,1.0,1.0,1.0,1.0,1.0
Dense+Rerank,994,0.20000000000000004,1.0,0.6309297535714575,0.5,0.20000000000000004,1.0,0.43067655807339306,0.25,1.0,1.0,1.0,1.0,1.0,1.0,1.0
GraphRAG,1000,0.20000000000000004,1.0,1.0,1.0,0.20000000000000004,1.0,1.0,1.0,1.0,1.0,1.0,1.0,1.0,1.0,1.0
GraphRAG,1004,0.6,1.0,0.9674679834891693,1.0,0.6,0.375,0.722726572644952,1.0,1.0,0.375,0.5454545454545454,1.0,1.0,1.0,1.0
GraphRAG,1005,0.6,1.0,0.9674679834891693,1.0,0.6,0.375,0.722726572644952,1.0,1.0,0.375,0.5454545454545454,1.0,1.0,1.0,1.0
GraphRAG,1023,0.20000000000000004,1.0,1.0,1.0,0.20000000000000004,1.0,0.6309297535714575,0.5,0.5,1.0,0.6666666666666666,1.0,1.0,1.0,1.0
GraphRAG,1040,0.20000000000000004,1.0,0.5,0.3333333333333333,0.0,0.0,0.0,0.023255813953488372,0.0,0.0,0.0,0.0,0.0,0.0,1.0
GraphRAG,1045,0.20000000000000004,1.0,1.0,1.0,0.8000000000000002,1.0,1.0,1.0,1.0,0.5,0.6666666666666666,1.0,1.0,1.0,1.0
GraphRAG,1050,0.20000000000000004,1.0,1.0,1.0,0.20000000000000004,0.5,0.38685280723454163,0.5,0.6666666666666666,0.5,0.5555555555555555,0.0,1.0,0.0,1.0
GraphRAG,108,0.6,1.0,1.0,1.0,0.6,0.3333333333333333,0.6992148198508502,1.0,1.0,0.3333333333333333,0.5,1.0,1.0,1.0,1.0
GraphRAG,1084,0.20000000000000004,1.0,1.0,1.0,0.0,0.0,0.0,0.14285714285714285,0.0,0.0,0.0,0.0,0.0,0.0,1.0
GraphRAG,109,0.20000000000000004,1.0,1.0,1.0,0.20000000000000004,1.0,1.0,1.0,1.0,1.0,1.0,1.0,1.0,1.0,1.0
GraphRAG,1090,0.20000000000000004,1.0,1.0,1.0,0.0,0.0,0.0,0.16666666666666666,0.0,0.0,0.0,0.0,1.0,0.0,1.0
GraphRAG,1105,0.20000000000000004,1.0,1.0,1.0,0.4000000000000001,0.6666666666666666,0.6713860725233042,1.0,1.0,0.6666666666666666,0.8000000000000002,1.0,1.0,1.0,1.0
GraphRAG,1141,0.20000000000000004,1.0,1.0,1.0,0.6,1.0,0.6797310500037655,0.5,1.0,1.0,1.0,1.0,1.0,1.0,1.0
GraphRAG,1142,0.20000000000000004,1.0,1.0,1.0,0.0,0.0,0.0,0.047619047619047616,0.0,0.0,0.0,0.0,1.0,0.0,1.0
GraphRAG,1145,0.20000000000000004,1.0,1.0,1.0,0.6,1.0,0.8854598815714874,1.0,0.9166666666666666,1.0,0.9523809523809524,1.0,0.0,0.0,1.0
GraphRAG,1153,0.20000000000000004,1.0,1.0,1.0,0.4000000000000001,1.0,0.9197207891481876,1.0,0.5,0.8333333333333334,0.611111111111111,1.0,1.0,1.0,1.0
GraphRAG,1158,0.20000000000000004,1.0,1.0,1.0,0.20000000000000004,1.0,1.0,1.0,0.6666666666666666,1.0,0.7777777777777777,1.0,1.0,1.0,1.0
GraphRAG,116,0.20000000000000004,1.0,1.0,1.0,0.0,0.0,0.0,0.16666666666666666,0.0,0.0,0.0,0.0,0.0,0.0,1.0
GraphRAG,1171,0.20000000000000004,1.0,1.0,1.0,0.4000000000000001,1.0,1.0,1.0,1.0,1.0,1.0,1.0,1.0,1.0,1.0
GraphRAG,1210,0.20000000000000004,1.0,1.0,1.0,0.20000000000000004,1.0,0.5,0.3333333333333333,0.3333333333333333,1.0,0.5,1.0,1.0,1.0,1.0
GraphRAG,122,0.20000000000000004,1.0,1.0,1.0,0.20000000000000004,1.0,0.6309297535714575,0.5,1.0,1.0,1.0,1.0,1.0,1.0,1.0
GraphRAG,1227,0.20000000000000004,1.0,1.0,1.0,0.20000000000000004,1.0,1.0,1.0,1.0,1.0,1.0,1.0,1.0,1.0,1.0
GraphRAG,1234,0.20000000000000004,1.0,1.0,1.0,0.20000000000000004,1.0,1.0,1.0,0.5,1.0,0.6666666666666666,1.0,1.0,1.0,1.0
GraphRAG,1238,0.20000000000000004,1.0,1.0,1.0,0.20000000000000004,1.0,1.0,1.0,1.0,1.0,1.0,1.0,1.0,1.0,1.0
GraphRAG,1258,0.20000000000000004,1.0,0.6309297535714575,0.5,0.20000000000000004,1.0,0.6309297535714575,0.5,1.0,1.0,1.0,1.0,0.0,0.0,1.0
GraphRAG,1265,0.20000000000000004,1.0,1.0,1.0,0.4000000000000001,1.0,1.0,1.0,1.0,1.0,1.0,1.0,1.0,1.0,1.0
GraphRAG,1276,0.20000000000000004,1.0,1.0,1.0,0.0,0.0,0.0,0.0,0.0,0.0,0.0,0.0,0.0,0.0,1.0
GraphRAG,1311,0.20000000000000004,1.0,1.0,1.0,0.20000000000000004,0.20000000000000004,0.3391602052736162,1.0,0.3333333333333333,0.20000000000000004,0.25,1.0,1.0,1.0,1.0
GraphRAG,1312,0.0,0.0,0.0,0.0,0.0,0.0,0.0,0.0,0.0,0.0,0.0,0.0,0.0,0.0,1.0
GraphRAG,1324,0.20000000000000004,1.0,1.0,1.0,0.4000000000000001,1.0,0.9197207891481876,1.0,1.0,0.5,0.6666666666666666,1.0,1.0,1.0,1.0
GraphRAG,1333,0.20000000000000004,1.0,1.0,1.0,0.20000000000000004,1.0,1.0,1.0,0.3333333333333333,1.0,0.5,1.0,1.0,1.0,1.0
GraphRAG,1355,0.20000000000000004,1.0,1.0,1.0,0.20000000000000004,1.0,1.0,1.0,0.5,1.0,0.6666666666666666,1.0,1.0,1.0,1.0
GraphRAG,1360,0.20000000000000004,1.0,1.0,1.0,0.20000000000000004,1.0,1.0,1.0,0.5,1.0,0.6666666666666666,1.0,1.0,1.0,1.0
GraphRAG,1366,0.20000000000000004,1.0,1.0,1.0,0.4000000000000001,1.0,0.8772153153380492,1.0,0.5,1.0,0.6666666666666666,1.0,1.0,1.0,1.0
GraphRAG,1367,0.20000000000000004,1.0,1.0,1.0,0.4000000000000001,1.0,0.5012658353418871,0.25,0.6666666666666666,1.0,0.8000000000000002,1.0,1.0,1.0,1.0
GraphRAG,1373,0.20000000000000004,1.0,1.0,1.0,0.6,0.75,0.6096199500078984,0.5,0.75,0.75,0.75,1.0,1.0,1.0,1.0
GraphRAG,1381,0.20000000000000004,1.0,1.0,1.0,0.4000000000000001,1.0,0.9197207891481876,1.0,0.5,0.5,0.5,1.0,1.0,1.0,1.0
GraphRAG,1391,0.20000000000000004,1.0,1.0,1.0,0.20000000000000004,1.0,0.5,0.3333333333333333,0.3333333333333333,1.0,0.5,1.0,1.0,1.0,1.0
GraphRAG,1393,0.20000000000000004,1.0,1.0,1.0,0.20000000000000004,1.0,1.0,1.0,1.0,1.0,1.0,1.0,1.0,1.0,1.0
GraphRAG,1406,0.20000000000000004,1.0,1.0,1.0,0.20000000000000004,1.0,1.0,1.0,0.5,1.0,0.6666666666666666,1.0,1.0,1.0,1.0
GraphRAG,144,0.0,0.0,0.0,0.0,0.0,0.0,0.0,0.0,0.0,0.0,0.0,0.0,0.0,0.0,1.0
GraphRAG,152,0.20000000000000004,1.0,1.0,1.0,0.4000000000000001,1.0,0.6934264036172708,0.5,0.611111111111111,0.8333333333333334,0.7000000000000001,1.0,0.0,0.0,1.0
GraphRAG,156,0.20000000000000004,1.0,0.6309297535714575,0.5,0.0,0.0,0.0,0.14285714285714285,0.0,0.0,0.0,0.0,1.0,0.0,1.0
GraphRAG,157,0.20000000000000004,1.0,1.0,1.0,0.20000000000000004,1.0,1.0,1.0,1.0,1.0,1.0,1.0,1.0,1.0,1.0
GraphRAG,166,0.20000000000000004,1.0,1.0,1.0,0.20000000000000004,0.5,0.23719771276929622,0.20000000000000004,0.5,0.5,0.5,1.0,1.0,1.0,1.0
GraphRAG,178,0.6,0.75,0.75369761125927,1.0,0.4000000000000001,0.2857142857142857,0.27727342735504823,0.25,1.0,0.2857142857142857,0.4444444444444445,1.0,1.0,1.0,1.0
GraphRAG,203,0.20000000000000004,1.0,1.0,1.0,0.8000000000000002,0.8000000000000002,0.7860137352654725,1.0,1.0,0.6,0.7499999999999999,1.0,1.0,1.0,1.0
GraphRAG,22,0.20000000000000004,1.0,1.0,1.0,0.20000000000000004,1.0,1.0,1.0,1.0,1.0,1.0,1.0,1.0,1.0,1.0
GraphRAG,235,0.20000000000000004,1.0,1.0,1.0,0.4000000000000001,0.6666666666666666,0.7653606369886217,1.0,0.6666666666666666,0.6666666666666666,0.6666666666666666,1.0,1.0,1.0,1.0
GraphRAG,242,0.20000000000000004,1.0,1.0,1.0,0.20000000000000004,1.0,0.6309297535714575,0.5,0.6666666666666666,1.0,0.7777777777777777,1.0,1.0,1.0,1.0
GraphRAG,245,0.20000000000000004,1.0,1.0,1.0,0.0,0.0,0.0,0.125,0.0,0.0,0.0,0.0,1.0,0.0,1.0
GraphRAG,256,0.20000000000000004,1.0,1.0,1.0,0.0,0.0,0.0,0.030303030303030304,0.0,0.0,0.0,0.0,0.0,0.0,1.0
GraphRAG,283,0.20000000000000004,1.0,1.0,1.0,0.20000000000000004,1.0,1.0,1.0,0.5,1.0,0.6666666666666666,1.0,1.0,1.0,1.0
GraphRAG,290,0.20000000000000004,1.0,1.0,1.0,0.20000000000000004,0.3333333333333333,0.46927872602275644,1.0,1.0,0.3333333333333333,0.5,1.0,1.0,1.0,1.0
GraphRAG,308,0.20000000000000004,1.0,1.0,1.0,0.6,1.0,1.0,1.0,1.0,0.3333333333333333,0.5,1.0,1.0,1.0,1.0
GraphRAG,330,0.20000000000000004,1.0,1.0,1.0,0.20000000000000004,1.0,1.0,1.0,1.0,1.0,1.0,1.0,1.0,1.0,1.0
GraphRAG,331,0.20000000000000004,1.0,1.0,1.0,0.20000000000000004,1.0,1.0,1.0,0.5,1.0,0.6666666666666666,1.0,1.0,1.0,1.0
GraphRAG,332,0.20000000000000004,1.0,1.0,1.0,0.4000000000000001,1.0,1.0,1.0,1.0,1.0,1.0,1.0,1.0,1.0,1.0
GraphRAG,334,0.20000000000000004,1.0,1.0,1.0,0.4000000000000001,0.6666666666666666,0.5307212739772434,0.5,0.5,0.3333333333333333,0.4000000000000001,1.0,1.0,1.0,1.0
GraphRAG,339,0.20000000000000004,1.0,1.0,1.0,0.4000000000000001,0.5,0.6366824387328317,1.0,1.0,0.5,0.6666666666666666,1.0,1.0,1.0,1.0
GraphRAG,340,0.20000000000000004,1.0,1.0,1.0,0.4000000000000001,0.6666666666666666,0.5307212739772434,0.5,1.0,0.6666666666666666,0.8000000000000002,1.0,1.0,1.0,1.0
GraphRAG,342,0.20000000000000004,1.0,0.6309297535714575,0.5,0.0,0.0,0.0,0.02439024390243903,0.0,0.0,0.0,0.0,1.0,0.0,1.0
GraphRAG,366,0.20000000000000004,1.0,1.0,1.0,0.20000000000000004,1.0,1.0,1.0,1.0,1.0,1.0,1.0,0.0,0.0,1.0
GraphRAG,381,0.20000000000000004,1.0,1.0,1.0,0.20000000000000004,0.5,0.23719771276929622,0.20000000000000004,0.0,0.0,0.0,0.0,1.0,0.0,1.0
GraphRAG,382,0.20000000000000004,1.0,0.6309297535714575,0.5,0.20000000000000004,0.25,0.19519002499605084,0.3333333333333333,0.2222222222222222,0.16666666666666666,0.1904761904761905,0.0,0.0,0.0,1.0
GraphRAG,396,0.20000000000000004,1.0,1.0,1.0,0.20000000000000004,0.3333333333333333,0.2960819109658652,0.5,1.0,0.3333333333333333,0.5,1.0,1.0,1.0,1.0
GraphRAG,400,0.20000000000000004,1.0,1.0,1.0,0.4000000000000001,1.0,0.8503449055347546,1.0,1.0,1.0,1.0,1.0,1.0,1.0,1.0
GraphRAG,414,0.0,0.0,0.0,0.0,0.0,0.0,0.0,0.0,0.0,0.0,0.0,0.0,1.0,0.0,1.0
GraphRAG,430,0.0,0.0,0.0,0.0,0.0,0.0,0.0,0.0,0.0,0.0,0.0,0.0,1.0,0.0,1.0
GraphRAG,441,0.20000000000000004,1.0,1.0,1.0,0.20000000000000004,1.0,0.6309297535714575,0.5,0.6666666666666666,0.6666666666666666,0.6666666666666666,0.6666666666666666,0.0,0.0,1.0
GraphRAG,46,0.20000000000000004,1.0,1.0,1.0,0.20000000000000004,1.0,1.0,1.0,0.5,1.0,0.6666666666666666,1.0,1.0,1.0,1.0
GraphRAG,466,0.20000000000000004,1.0,1.0,1.0,0.4000000000000001,0.6666666666666666,0.6713860725233042,1.0,0.5,0.3333333333333333,0.4000000000000001,0.0,1.0,0.0,1.0
GraphRAG,47,0.20000000000000004,1.0,1.0,1.0,0.20000000000000004,1.0,1.0,1.0,0.38888888888888884,1.0,0.5555555555555555,1.0,1.0,1.0,1.0
GraphRAG,482,0.20000000000000004,1.0,1.0,1.0,0.20000000000000004,1.0,0.6309297535714575,0.5,0.5,1.0,0.6666666666666666,1.0,1.0,1.0,1.0
GraphRAG,500,0.20000000000000004,1.0,1.0,1.0,0.20000000000000004,1.0,0.5,0.3333333333333333,0.5,1.0,0.6666666666666666,1.0,1.0,1.0,1.0
GraphRAG,505,0.20000000000000004,1.0,1.0,1.0,0.4000000000000001,1.0,0.9197207891481876,1.0,0.6666666666666666,1.0,0.8000000000000002,1.0,1.0,1.0,1.0
GraphRAG,515,0.20000000000000004,1.0,1.0,1.0,0.20000000000000004,0.5,0.6131471927654584,1.0,0.5,0.5,0.5,1.0,1.0,1.0,1.0
GraphRAG,531,0.4000000000000001,0.6666666666666666,0.7653606369886217,1.0,0.4000000000000001,0.6666666666666666,0.7653606369886217,1.0,0.6666666666666666,0.6666666666666666,0.6666666666666666,1.0,1.0,1.0,1.0
GraphRAG,541,0.4000000000000001,1.0,1.0,1.0,0.4000000000000001,0.6666666666666666,0.5307212739772434,0.5,1.0,0.6666666666666666,0.8000000000000002,1.0,1.0,1.0,1.0
GraphRAG,547,0.20000000000000004,1.0,1.0,1.0,0.4000000000000001,1.0,1.0,1.0,1.0,1.0,1.0,1.0,1.0,1.0,1.0
GraphRAG,548,0.20000000000000004,1.0,1.0,1.0,0.0,0.0,0.0,0.07142857142857142,0.0,0.0,0.0,0.0,0.0,0.0,1.0
GraphRAG,55,0.20000000000000004,1.0,0.6309297535714575,0.5,0.6,1.0,0.7122630665145961,0.5,0.6666666666666666,0.6666666666666666,0.6666666666666666,1.0,1.0,1.0,1.0
GraphRAG,562,0.20000000000000004,1.0,1.0,1.0,0.0,0.0,0.0,0.05000000000000001,0.0,0.0,0.0,0.0,0.0,0.0,1.0
GraphRAG,566,0.20000000000000004,1.0,1.0,1.0,0.8000000000000002,1.0,0.9828920819566879,1.0,1.0,0.25,0.4000000000000001,1.0,1.0,1.0,1.0
GraphRAG,568,0.20000000000000004,1.0,0.43067655807339306,0.25,0.20000000000000004,0.3333333333333333,0.20210734650054754,0.25,1.0,0.3333333333333333,0.5,1.0,1.0,1.0,1.0
GraphRAG,58,0.20000000000000004,1.0,1.0,1.0,0.20000000000000004,1.0,1.0,1.0,1.0,1.0,1.0,1.0,1.0,1.0,1.0
GraphRAG,624,0.20000000000000004,1.0,1.0,1.0,0.4000000000000001,1.0,1.0,1.0,0.5,0.5,0.5,1.0,1.0,1.0,1.0
GraphRAG,626,0.20000000000000004,1.0,1.0,1.0,0.20000000000000004,1.0,1.0,1.0,1.0,1.0,1.0,1.0,1.0,1.0,1.0
GraphRAG,661,0.20000000000000004,1.0,1.0,1.0,0.4000000000000001,0.6666666666666666,0.7039180890341347,1.0,0.5,0.3333333333333333,0.4000000000000001,0.0,1.0,0.0,1.0
GraphRAG,665,0.20000000000000004,1.0,1.0,1.0,0.4000000000000001,1.0,0.6934264036172708,0.5,1.0,1.0,1.0,1.0,1.0,1.0,1.0
GraphRAG,668,0.20000000000000004,1.0,1.0,1.0,0.6,0.75,0.8318724637288826,1.0,1.0,0.75,0.8571428571428571,1.0,1.0,1.0,1.0
GraphRAG,669,0.20000000000000004,1.0,1.0,1.0,0.6,0.75,0.8048099750039491,1.0,1.0,0.75,0.8571428571428571,1.0,1.0,1.0,1.0
GraphRAG,71,0.20000000000000004,1.0,1.0,1.0,0.4000000000000001,1.0,0.9197207891481876,1.0,0.8333333333333334,1.0,0.8888888888888888,1.0,0.0,0.0,1.0
GraphRAG,749,0.0,0.0,0.0,0.0,0.0,0.0,0.0,0.0,0.0,0.0,0.0,0.0,1.0,0.0,1.0
GraphRAG,76,0.20000000000000004,1.0,1.0,1.0,0.4000000000000001,1.0,0.6934264036172708,0.5,0.6666666666666666,1.0,0.8000000000000002,1.0,1.0,1.0,1.0
GraphRAG,788,0.20000000000000004,1.0,1.0,1.0,0.20000000000000004,1.0,0.43067655807339306,0.25,0.6666666666666666,1.0,0.7777777777777777,1.0,1.0,1.0,1.0
GraphRAG,789,0.20000000000000004,1.0,1.0,1.0,0.4000000000000001,1.0,0.5706417189553201,0.3333333333333333,0.5,1.0,0.6666666666666666,1.0,0.0,0.0,1.0
GraphRAG,797,0.20000000000000004,1.0,0.6309297535714575,0.5,0.20000000000000004,1.0,0.6309297535714575,0.5,0.5,1.0,0.6666666666666666,1.0,1.0,1.0,1.0
GraphRAG,802,0.20000000000000004,1.0,1.0,1.0,0.20000000000000004,0.5,0.38685280723454163,0.5,0.3333333333333333,0.5,0.4000000000000001,1.0,1.0,1.0,1.0
GraphRAG,807,0.20000000000000004,1.0,1.0,1.0,0.0,0.0,0.0,0.03125,0.0,0.0,0.0,0.0,0.0,0.0,1.0
GraphRAG,812,0.20000000000000004,1.0,1.0,1.0,0.20000000000000004,0.3333333333333333,0.23463936301137822,0.3333333333333333,0.5,0.3333333333333333,0.4000000000000001,0.0,1.0,0.0,1.0
GraphRAG,841,0.20000000000000004,1.0,1.0,1.0,0.0,0.0,0.0,0.1111111111111111,0.0,0.0,0.0,0.0,0.0,0.0,1.0
GraphRAG,856,0.0,0.0,0.0,0.0,0.0,0.0,0.0,0.0,0.0,0.0,0.0,0.0,1.0,0.0,1.0
GraphRAG,857,0.20000000000000004,1.0,1.0,1.0,0.0,0.0,0.0,0.1111111111111111,0.0,0.0,0.0,0.0,1.0,0.0,1.0
GraphRAG,86,0.4000000000000001,1.0,0.9197207891481876,1.0,0.4000000000000001,1.0,0.9197207891481876,1.0,1.0,1.0,1.0,1.0,1.0,1.0,1.0
GraphRAG,881,0.20000000000000004,1.0,1.0,1.0,0.20000000000000004,1.0,1.0,1.0,1.0,1.0,1.0,1.0,1.0,1.0,1.0
GraphRAG,883,0.20000000000000004,1.0,1.0,1.0,0.20000000000000004,1.0,1.0,1.0,1.0,1.0,1.0,1.0,1.0,1.0,1.0
GraphRAG,885,0.20000000000000004,1.0,1.0,1.0,0.20000000000000004,0.5,0.6131471927654584,1.0,0.5,0.5,0.5,1.0,1.0,1.0,1.0
GraphRAG,909,0.20000000000000004,1.0,0.6309297535714575,0.5,0.4000000000000001,1.0,0.5012658353418871,0.25,0.611111111111111,0.8333333333333334,0.7000000000000001,1.0,1.0,1.0,1.0
GraphRAG,923,0.20000000000000004,1.0,1.0,1.0,0.4000000000000001,1.0,0.8772153153380492,1.0,1.0,1.0,1.0,1.0,1.0,1.0,1.0
GraphRAG,928,0.20000000000000004,1.0,1.0,1.0,0.20000000000000004,0.3333333333333333,0.18154179253735267,0.20000000000000004,1.0,0.3333333333333333,0.5,1.0,1.0,1.0,1.0
GraphRAG,930,0.20000000000000004,1.0,1.0,1.0,0.20000000000000004,1.0,1.0,1.0,1.0,1.0,1.0,1.0,1.0,1.0,1.0
GraphRAG,941,0.20000000000000004,1.0,1.0,1.0,0.20000000000000004,0.5,0.6131471927654584,1.0,0.5,0.5,0.5,1.0,1.0,1.0,1.0
GraphRAG,942,0.20000000000000004,1.0,1.0,1.0,0.20000000000000004,1.0,1.0,1.0,0.5,1.0,0.6666666666666666,1.0,0.0,0.0,1.0
GraphRAG,955,0.4000000000000001,1.0,1.0,1.0,0.4000000000000001,1.0,0.8772153153380492,1.0,1.0,1.0,1.0,1.0,1.0,1.0,1.0
GraphRAG,965,0.20000000000000004,1.0,1.0,1.0,0.4000000000000001,0.6666666666666666,0.6713860725233042,1.0,0.6666666666666666,0.6666666666666666,0.6666666666666666,1.0,1.0,1.0,1.0
GraphRAG,977,0.0,0.0,0.0,0.0,0.0,0.0,0.0,0.0,0.0,0.0,0.0,0.0,1.0,0.0,1.0
GraphRAG,984,0.20000000000000004,1.0,1.0,1.0,0.20000000000000004,1.0,0.5,0.3333333333333333,0.3333333333333333,1.0,0.5,1.0,1.0,1.0,1.0
GraphRAG,990,0.20000000000000004,1.0,1.0,1.0,0.20000000000000004,1.0,1.0,1.0,1.0,1.0,1.0,1.0,1.0,1.0,1.0
GraphRAG,994,0.20000000000000004,1.0,1.0,1.0,0.20000000000000004,1.0,0.6309297535714575,0.5,1.0,1.0,1.0,1.0,1.0,1.0,1.0
Hybrid,1000,0.20000000000000004,1.0,1.0,1.0,0.20000000000000004,1.0,0.5,0.3333333333333333,1.0,1.0,1.0,1.0,1.0,1.0,1.0
Hybrid,1004,0.6,1.0,1.0,1.0,0.6,0.375,0.6164336326286644,1.0,1.0,0.375,0.5454545454545454,1.0,1.0,1.0,1.0
Hybrid,1005,0.6,1.0,1.0,1.0,0.6,0.375,0.6164336326286644,1.0,1.0,0.25,0.4000000000000001,1.0,1.0,1.0,1.0
Hybrid,1023,0.20000000000000004,1.0,1.0,1.0,0.20000000000000004,1.0,0.6309297535714575,0.5,1.0,1.0,1.0,1.0,1.0,1.0,1.0
Hybrid,1040,0.20000000000000004,1.0,0.5,0.3333333333333333,0.0,0.0,0.0,0.05263157894736842,0.0,0.0,0.0,0.0,0.0,0.0,1.0
Hybrid,1045,0.20000000000000004,1.0,1.0,1.0,0.6,0.75,0.8048099750039491,1.0,0.8333333333333334,0.4166666666666667,0.5555555555555555,1.0,1.0,1.0,1.0
Hybrid,1050,0.20000000000000004,1.0,1.0,1.0,0.20000000000000004,0.5,0.38685280723454163,0.5,0.5,0.5,0.5,0.0,1.0,0.0,1.0
Hybrid,108,0.6,1.0,1.0,1.0,0.6,0.3333333333333333,0.722726572644952,1.0,0.8666666666666667,0.3333333333333333,0.4761904761904762,1.0,1.0,1.0,1.0
Hybrid,1084,0.20000000000000004,1.0,1.0,1.0,0.20000000000000004,1.0,0.5,0.3333333333333333,1.0,1.0,1.0,1.0,1.0,1.0,1.0
Hybrid,109,0.20000000000000004,1.0,1.0,1.0,0.20000000000000004,1.0,1.0,1.0,1.0,1.0,1.0,1.0,1.0,1.0,1.0
Hybrid,1090,0.20000000000000004,1.0,1.0,1.0,0.0,0.0,0.0,0.16666666666666666,0.0,0.0,0.0,0.0,1.0,0.0,1.0
Hybrid,1105,0.20000000000000004,1.0,1.0,1.0,0.4000000000000001,0.6666666666666666,0.49818925746641285,0.5,1.0,0.6666666666666666,0.8000000000000002,1.0,1.0,1.0,1.0
Hybrid,1141,0.20000000000000004,1.0,1.0,1.0,0.4000000000000001,0.6666666666666666,0.477623703503218,0.5,0.8888888888888888,0.6666666666666666,0.7555555555555555,1.0,1.0,1.0,1.0
Hybrid,1142,0.20000000000000004,1.0,1.0,1.0,0.0,0.0,0.0,0.0,0.0,0.0,0.0,0.0,1.0,0.0,1.0
Hybrid,1145,0.20000000000000004,1.0,1.0,1.0,0.20000000000000004,0.3333333333333333,0.2960819109658652,0.5,0.5,0.3333333333333333,0.4000000000000001,1.0,0.0,0.0,1.0
Hybrid,1153,0.20000000000000004,1.0,1.0,1.0,0.20000000000000004,0.5,0.6131471927654584,1.0,0.5,0.5,0.5,1.0,1.0,1.0,1.0
Hybrid,1158,0.20000000000000004,1.0,0.38685280723454163,0.20000000000000004,0.0,0.0,0.0,0.1111111111111111,0.0,0.0,0.0,0.0,0.0,0.0,1.0
Hybrid,116,0.20000000000000004,1.0,1.0,1.0,0.20000000000000004,1.0,0.38685280723454163,0.20000000000000004,0.5,1.0,0.6666666666666666,1.0,0.0,0.0,1.0
Hybrid,1171,0.20000000000000004,1.0,1.0,1.0,0.4000000000000001,1.0,1.0,1.0,1.0,1.0,1.0,1.0,1.0,1.0,1.0
Hybrid,1210,0.20000000000000004,1.0,1.0,1.0,0.20000000000000004,1.0,0.6309297535714575,0.5,0.5,1.0,0.6666666666666666,1.0,1.0,1.0,1.0
Hybrid,122,0.20000000000000004,1.0,1.0,1.0,0.20000000000000004,1.0,1.0,1.0,1.0,1.0,1.0,1.0,1.0,1.0,1.0
Hybrid,1227,0.20000000000000004,1.0,1.0,1.0,0.20000000000000004,1.0,1.0,1.0,1.0,1.0,1.0,1.0,1.0,1.0,1.0
Hybrid,1234,0.20000000000000004,1.0,1.0,1.0,0.20000000000000004,1.0,1.0,1.0,0.5,1.0,0.6666666666666666,1.0,1.0,1.0,1.0
Hybrid,1238,0.20000000000000004,1.0,1.0,1.0,0.20000000000000004,1.0,1.0,1.0,1.0,1.0,1.0,1.0,1.0,1.0,1.0
Hybrid,1258,0.20000000000000004,1.0,1.0,1.0,0.20000000000000004,1.0,1.0,1.0,1.0,1.0,1.0,1.0,0.0,0.0,1.0
Hybrid,1265,0.20000000000000004,1.0,1.0,1.0,0.4000000000000001,1.0,1.0,1.0,1.0,1.0,1.0,1.0,1.0,1.0,1.0
Hybrid,1276,0.20000000000000004,1.0,1.0,1.0,0.20000000000000004,1.0,1.0,1.0,0.5,1.0,0.6666666666666666,1.0,1.0,1.0,1.0
Hybrid,1311,0.20000000000000004,1.0,0.43067655807339306,0.25,0.20000000000000004,0.20000000000000004,0.13120507751234178,0.20000000000000004,0.5,0.20000000000000004,0.28571428571428575,1.0,1.0,1.0,1.0
Hybrid,1312,0.20000000000000004,1.0,1.0,1.0,0.20000000000000004,1.0,1.0,1.0,1.0,1.0,1.0,1.0,1.0,1.0,1.0
Hybrid,1324,0.20000000000000004,1.0,1.0,1.0,0.4000000000000001,1.0,0.9197207891481876,1.0,1.0,0.5,0.6666666666666666,1.0,1.0,1.0,1.0
Hybrid,1333,0.20000000000000004,1.0,1.0,1.0,0.20000000000000004,1.0,1.0,1.0,0.3333333333333333,1.0,0.5,1.0,1.0,1.0,1.0
Hybrid,1355,0.20000000000000004,1.0,1.0,1.0,0.20000000000000004,1.0,1.0,1.0,1.0,1.0,1.0,1.0,1.0,1.0,1.0
Hybrid,1360,0.20000000000000004,1.0,1.0,1.0,0.20000000000000004,1.0,0.6309297535714575,0.5,0.5,1.0,0.6666666666666666,1.0,1.0,1.0,1.0
Hybrid,1366,0.20000000000000004,1.0,1.0,1.0,0.4000000000000001,1.0,0.9197207891481876,1.0,0.6666666666666666,1.0,0.8000000000000002,1.0,1.0,1.0,1.0
Hybrid,1367,0.20000000000000004,1.0,1.0,1.0,0.20000000000000004,0.5,0.2640681225725909,0.25,0.5,0.5,0.5,1.0,1.0,1.0,1.0
Hybrid,1373,0.20000000000000004,1.0,1.0,1.0,0.6,0.75,0.6096199500078984,0.5,1.0,0.6666666666666666,0.7936507936507936,1.0,1.0,1.0,1.0
Hybrid,1381,0.20000000000000004,1.0,1.0,1.0,0.4000000000000001,1.0,0.9197207891481876,1.0,0.5,0.5,0.5,1.0,1.0,1.0,1.0
Hybrid,1391,0.20000000000000004,1.0,1.0,1.0,0.20000000000000004,1.0,0.5,0.3333333333333333,0.5,1.0,0.6666666666666666,1.0,1.0,1.0,1.0
Hybrid,1393,0.20000000000000004,1.0,0.43067655807339306,0.25,0.0,0.0,0.0,0.10000000000000002,0.0,0.0,0.0,0.0,0.0,0.0,1.0
Hybrid,1406,0.20000000000000004,1.0,1.0,1.0,0.20000000000000004,1.0,1.0,1.0,0.5,1.0,0.6666666666666666,1.0,1.0,1.0,1.0
Hybrid,144,0.20000000000000004,1.0,1.0,1.0,0.20000000000000004,0.3333333333333333,0.46927872602275644,1.0,1.0,0.3333333333333333,0.5,1.0,1.0,1.0,1.0
Hybrid,152,0.20000000000000004,1.0,1.0,1.0,0.4000000000000001,1.0,0.6934264036172708,0.5,0.6666666666666666,1.0,0.8000000000000002,1.0,0.0,0.0,1.0
Hybrid,156,0.20000000000000004,1.0,0.6309297535714575,0.5,0.20000000000000004,1.0,0.38685280723454163,0.20000000000000004,0.5,1.0,0.6666666666666666,1.0,1.0,1.0,1.0
Hybrid,157,0.20000000000000004,1.0,1.0,1.0,0.20000000000000004,1.0,1.0,1.0,1.0,1.0,1.0,1.0,1.0,1.0,1.0
Hybrid,166,0.20000000000000004,1.0,1.0,1.0,0.0,0.0,0.0,0.14285714285714285,0.0,0.0,0.0,0.0,1.0,0.0,1.0
Hybrid,178,0.4000000000000001,0.5,0.36331756126716835,0.3333333333333333,0.20000000000000004,0.14285714285714285,0.14606834984270645,0.25,0.5,0.14285714285714285,0.22222222222222224,1.0,1.0,1.0,1.0
Hybrid,203,0.20000000000000004,1.0,1.0,1.0,0.6,0.6,0.6992148198508502,1.0,1.0,0.4000000000000001,0.5714285714285715,1.0,1.0,1.0,1.0
Hybrid,22,0.20000000000000004,1.0,1.0,1.0,0.20000000000000004,1.0,1.0,1.0,1.0,1.0,1.0,1.0,1.0,1.0,1.0
Hybrid,235,0.20000000000000004,1.0,1.0,1.0,0.4000000000000001,0.6666666666666666,0.7653606369886217,1.0,0.6666666666666666,0.6666666666666666,0.6666666666666666,1.0,1.0,1.0,1.0
Hybrid,242,0.0,0.0,0.0,0.0,0.0,0.0,0.0,0.06666666666666667,0.0,0.0,0.0,0.0,1.0,0.0,1.0
Hybrid,245,0.20000000000000004,1.0,1.0,1.0,0.20000000000000004,1.0,0.43067655807339306,0.25,1.0,1.0,1.0,1.0,1.0,1.0,1.0
Hybrid,256,0.20000000000000004,1.0,1.0,1.0,0.20000000000000004,1.0,0.5,0.3333333333333333,0.3333333333333333,1.0,0.5,1.0,1.0,1.0,1.0
Hybrid,283,0.20000000000000004,1.0,1.0,1.0,0.20000000000000004,1.0,1.0,1.0,0.5,1.0,0.6666666666666666,1.0,1.0,1.0,1.0
Hybrid,290,0.20000000000000004,1.0,1.0,1.0,0.20000000000000004,0.3333333333333333,0.2960819109658652,0.5,0.3333333333333333,0.3333333333333333,0.3333333333333333,1.0,1.0,1.0,1.0
Hybrid,308,0.20000000000000004,1.0,1.0,1.0,0.6,1.0,1.0,1.0,1.0,0.3333333333333333,0.5,1.0,1.0,1.0,1.0
Hybrid,330,0.20000000000000004,1.0,1.0,1.0,0.20000000000000004,1.0,0.38685280723454163,0.20000000000000004,1.0,1.0,1.0,1.0,1.0,1.0,1.0
Hybrid,331,0.20000000000000004,1.0,1.0,1.0,0.20000000000000004,1.0,0.43067655807339306,0.25,0.5,1.0,0.6666666666666666,1.0,1.0,1.0,1.0
Hybrid,332,0.20000000000000004,1.0,1.0,1.0,0.4000000000000001,1.0,1.0,1.0,1.0,1.0,1.0,1.0,1.0,1.0,1.0
Hybrid,334,0.20000000000000004,1.0,1.0,1.0,0.20000000000000004,0.3333333333333333,0.46927872602275644,1.0,0.5,0.3333333333333333,0.4000000000000001,1.0,1.0,1.0,1.0
Hybrid,339,0.20000000000000004,1.0,1.0,1.0,0.4000000000000001,0.5,0.6366824387328317,1.0,0.8888888888888888,0.5,0.6349206349206349,1.0,1.0,1.0,1.0
Hybrid,340,0.20000000000000004,1.0,1.0,1.0,0.4000000000000001,0.6666666666666666,0.49818925746641285,0.5,1.0,0.3333333333333333,0.5,1.0,1.0,1.0,1.0
Hybrid,342,0.20000000000000004,1.0,0.6309297535714575,0.5,0.0,0.0,0.0,0.0,0.0,0.0,0.0,0.0,1.0,0.0,1.0
Hybrid,366,0.20000000000000004,1.0,1.0,1.0,0.20000000000000004,1.0,0.5,0.3333333333333333,1.0,1.0,1.0,1.0,0.0,0.0,1.0
Hybrid,381,0.20000000000000004,1.0,1.0,1.0,0.20000000000000004,0.5,0.38685280723454163,0.5,0.0,0.0,0.0,0.0,1.0,0.0,1.0
Hybrid,382,0.20000000000000004,1.0,0.6309297535714575,0.5,0.20000000000000004,0.25,0.24630238874073,0.5,0.16666666666666666,0.08333333333333333,0.1111111111111111,0.0,0.0,0.0,1.0
Hybrid,396,0.20000000000000004,1.0,1.0,1.0,0.20000000000000004,0.3333333333333333,0.23463936301137822,0.3333333333333333,1.0,0.3333333333333333,0.5,1.0,1.0,1.0,1.0
Hybrid,400,0.20000000000000004,1.0,1.0,1.0,0.20000000000000004,0.5,0.38685280723454163,0.5,1.0,0.5,0.6666666666666666,1.0,1.0,1.0,1.0
Hybrid,414,0.20000000000000004,1.0,0.43067655807339306,0.25,0.0,0.0,0.0,0.05555555555555555,0.0,0.0,0.0,0.0,1.0,0.0,1.0
Hybrid,430,0.20000000000000004,1.0,0.5,0.3333333333333333,0.0,0.0,0.0,0.0,0.0,0.0,0.0,0.0,1.0,0.0,1.0
Hybrid,441,0.20000000000000004,1.0,1.0,1.0,0.20000000000000004,1.0,0.38685280723454163,0.20000000000000004,1.0,1.0,1.0,1.0,1.0,1.0,1.0
Hybrid,46,0.20000000000000004,1.0,1.0,1.0,0.0,0.0,0.0,0.1111111111111111,0.0,0.0,0.0,0.0,1.0,0.0,1.0
Hybrid,466,0.20000000000000004,1.0,1.0,1.0,0.4000000000000001,0.6666666666666666,0.6508205185601091,1.0,0.0,0.0,0.0,0.0,1.0,0.0,1.0
Hybrid,47,0.20000000000000004,1.0,1.0,1.0,0.20000000000000004,1.0,1.0,1.0,0.5,1.0,0.6666666666666666,1.0,1.0,1.0,1.0
Hybrid,482,0.20000000000000004,1.0,1.0,1.0,0.20000000000000004,1.0,1.0,1.0,0.5,1.0,0.6666666666666666,1.0,1.0,1.0,1.0
Hybrid,500,0.20000000000000004,1.0,1.0,1.0,0.20000000000000004,1.0,0.6309297535714575,0.5,0.5,1.0,0.6666666666666666,1.0,1.0,1.0,1.0
Hybrid,505,0.20000000000000004,1.0,1.0,1.0,0.4000000000000001,1.0,1.0,1.0,1.0,1.0,1.0,1.0,1.0,1.0,1.0
Hybrid,515,0.20000000000000004,1.0,1.0,1.0,0.20000000000000004,0.5,0.38685280723454163,0.5,0.6666666666666666,0.5,0.5555555555555555,1.0,1.0,1.0,1.0
Hybrid,531,0.6,1.0,0.9674679834891693,1.0,0.6,1.0,0.9674679834891693,1.0,1.0,1.0,1.0,1.0,1.0,1.0,1.0
Hybrid,541,0.4000000000000001,1.0,1.0,1.0,0.20000000000000004,0.3333333333333333,0.46927872602275644,1.0,0.5,0.3333333333333333,0.4000000000000001,1.0,1.0,1.0,1.0
Hybrid,547,0.20000000000000004,1.0,1.0,1.0,0.4000000000000001,1.0,1.0,1.0,1.0,1.0,1.0,1.0,1.0,1.0,1.0
Hybrid,548,0.20000000000000004,1.0,0.5,0.3333333333333333,0.0,0.0,0.0,0.07692307692307693,0.0,0.0,0.0,0.0,0.0,0.0,1.0
Hybrid,55,0.20000000000000004,1.0,0.43067655807339306,0.25,0.20000000000000004,0.3333333333333333,0.20210734650054754,0.25,0.5,0.3333333333333333,0.4000000000000001,1.0,1.0,1.0,1.0
Hybrid,562,0.20000000000000004,1.0,1.0,1.0,0.20000000000000004,1.0,0.43067655807339306,0.25,1.0,1.0,1.0,1.0,1.0,1.0,1.0
Hybrid,566,0.20000000000000004,1.0,1.0,1.0,0.8000000000000002,1.0,0.9828920819566879,1.0,1.0,0.25,0.4000000000000001,1.0,1.0,1.0,1.0
Hybrid,568,0.20000000000000004,1.0,0.6309297535714575,0.5,0.0,0.0,0.0,0.047619047619047616,0.0,0.0,0.0,0.0,0.0,0.0,1.0
Hybrid,58,0.20000000000000004,1.0,1.0,1.0,0.20000000000000004,1.0,1.0,1.0,1.0,1.0,1.0,1.0,1.0,1.0,1.0
Hybrid,624,0.20000000000000004,1.0,1.0,1.0,0.20000000000000004,0.5,0.6131471927654584,1.0,1.0,0.5,0.6666666666666666,1.0,1.0,1.0,1.0
Hybrid,626,0.20000000000000004,1.0,1.0,1.0,0.20000000000000004,1.0,1.0,1.0,1.0,1.0,1.0,1.0,1.0,1.0,1.0
Hybrid,661,0.20000000000000004,1.0,1.0,1.0,0.6,1.0,0.7328286204777911,0.5,0.6666666666666666,0.6666666666666666,0.6666666666666666,0.0,1.0,0.0,1.0
Hybrid,665,0.20000000000000004,1.0,1.0,1.0,0.4000000000000001,1.0,0.6509209298071326,0.5,1.0,1.0,1.0,1.0,1.0,1.0,1.0
Hybrid,668,0.20000000000000004,1.0,1.0,1.0,0.8000000000000002,1.0,1.0,1.0,1.0,0.75,0.8571428571428571,1.0,1.0,1.0,1.0
Hybrid,669,0.20000000000000004,1.0,1.0,1.0,0.6,0.75,0.8318724637288826,1.0,1.0,0.5,0.6666666666666666,1.0,1.0,1.0,1.0
Hybrid,71,0.20000000000000004,1.0,1.0,1.0,0.4000000000000001,1.0,0.8772153153380492,1.0,0.5555555555555555,1.0,0.7111111111111111,1.0,0.0,0.0,1.0
Hybrid,749,0.20000000000000004,1.0,0.6309297535714575,0.5,0.20000000000000004,1.0,0.6309297535714575,0.5,0.5,1.0,0.6666666666666666,1.0,1.0,1.0,1.0
Hybrid,76,0.20000000000000004,1.0,1.0,1.0,0.20000000000000004,0.5,0.3065735963827292,0.3333333333333333,0.38888888888888884,0.5,0.43333333333333335,1.0,1.0,1.0,1.0
Hybrid,788,0.20000000000000004,1.0,1.0,1.0,0.20000000000000004,1.0,0.5,0.3333333333333333,0.5,1.0,0.6666666666666666,1.0,1.0,1.0,1.0
Hybrid,789,0.20000000000000004,1.0,1.0,1.0,0.4000000000000001,1.0,0.5437713091520254,0.3333333333333333,0.0,0.0,0.0,0.0,0.0,0.0,1.0
Hybrid,797,0.20000000000000004,1.0,0.6309297535714575,0.5,0.20000000000000004,1.0,0.6309297535714575,0.5,0.5,1.0,0.6666666666666666,1.0,1.0,1.0,1.0
Hybrid,802,0.20000000000000004,1.0,1.0,1.0,0.20000000000000004,0.5,0.3065735963827292,0.3333333333333333,0.0,0.0,0.0,0.0,1.0,0.0,1.0
Hybrid,807,0.20000000000000004,1.0,1.0,1.0,0.0,0.0,0.0,0.07142857142857142,0.0,0.0,0.0,0.0,0.0,0.0,1.0
Hybrid,812,0.20000000000000004,1.0,1.0,1.0,0.20000000000000004,0.3333333333333333,0.2960819109658652,0.5,0.3333333333333333,0.3333333333333333,0.3333333333333333,0.0,1.0,0.0,1.0
Hybrid,841,0.20000000000000004,1.0,1.0,1.0,0.0,0.0,0.0,0.023255813953488372,0.0,0.0,0.0,0.0,0.0,0.0,1.0
Hybrid,856,0.20000000000000004,1.0,1.0,1.0,0.0,0.0,0.0,0.0,0.0,0.0,0.0,0.0,1.0,0.0,1.0
Hybrid,857,0.20000000000000004,1.0,1.0,1.0,0.0,0.0,0.0,0.0,0.0,0.0,0.0,0.0,1.0,0.0,1.0
Hybrid,86,0.4000000000000001,1.0,1.0,1.0,0.4000000000000001,1.0,0.9197207891481876,1.0,1.0,1.0,1.0,1.0,1.0,1.0,1.0
Hybrid,881,0.20000000000000004,1.0,1.0,1.0,0.20000000000000004,1.0,1.0,1.0,1.0,1.0,1.0,1.0,1.0,1.0,1.0
Hybrid,883,0.20000000000000004,1.0,1.0,1.0,0.20000000000000004,1.0,1.0,1.0,1.0,1.0,1.0,1.0,1.0,1.0,1.0
Hybrid,885,0.20000000000000004,1.0,1.0,1.0,0.20000000000000004,0.5,0.6131471927654584,1.0,0.5,0.5,0.5,1.0,1.0,1.0,1.0
Hybrid,909,0.20000000000000004,1.0,1.0,1.0,0.4000000000000001,1.0,0.5012658353418871,0.25,0.6666666666666666,1.0,0.8000000000000002,1.0,1.0,1.0,1.0
Hybrid,923,0.20000000000000004,1.0,1.0,1.0,0.4000000000000001,1.0,0.9197207891481876,1.0,1.0,1.0,1.0,1.0,1.0,1.0,1.0
Hybrid,928,0.20000000000000004,1.0,1.0,1.0,0.0,0.0,0.0,0.16666666666666666,0.0,0.0,0.0,0.0,1.0,0.0,1.0
Hybrid,930,0.20000000000000004,1.0,1.0,1.0,0.20000000000000004,1.0,1.0,1.0,1.0,1.0,1.0,1.0,1.0,1.0,1.0
Hybrid,941,0.20000000000000004,1.0,1.0,1.0,0.20000000000000004,0.5,0.3065735963827292,0.3333333333333333,0.6666666666666666,0.5,0.5555555555555555,1.0,1.0,1.0,1.0
Hybrid,942,0.20000000000000004,1.0,1.0,1.0,0.20000000000000004,1.0,1.0,1.0,0.2222222222222222,0.6666666666666666,0.3333333333333333,0.6666666666666666,0.0,0.0,1.0
Hybrid,955,0.20000000000000004,0.5,0.3065735963827292,0.3333333333333333,0.20000000000000004,0.5,0.3065735963827292,0.3333333333333333,0.8333333333333334,0.5,0.611111111111111,1.0,1.0,1.0,1.0
Hybrid,965,0.20000000000000004,1.0,1.0,1.0,0.20000000000000004,0.3333333333333333,0.23463936301137822,0.3333333333333333,0.5,0.3333333333333333,0.4000000000000001,1.0,1.0,1.0,1.0
Hybrid,977,0.20000000000000004,1.0,0.38685280723454163,0.20000000000000004,0.0,0.0,0.0,0.0,0.0,0.0,0.0,0.0,0.0,0.0,1.0
Hybrid,984,0.20000000000000004,1.0,1.0,1.0,0.20000000000000004,1.0,0.6309297535714575,0.5,0.5,1.0,0.6666666666666666,1.0,1.0,1.0,1.0
Hybrid,990,0.20000000000000004,1.0,1.0,1.0,0.20000000000000004,1.0,1.0,1.0,1.0,1.0,1.0,1.0,1.0,1.0,1.0
Hybrid,994,0.20000000000000004,1.0,0.6309297535714575,0.5,0.20000000000000004,1.0,0.6309297535714575,0.5,1.0,1.0,1.0,1.0,1.0,1.0,1.0
LightRAG,1000,0.20000000000000004,1.0,1.0,1.0,0.20000000000000004,1.0,1.0,1.0,1.0,1.0,1.0,1.0,1.0,1.0,1.0
LightRAG,1004,0.6,1.0,1.0,1.0,0.8000000000000002,0.5,0.8687949224876582,1.0,1.0,0.375,0.5454545454545454,1.0,1.0,1.0,1.0
LightRAG,1005,0.6,1.0,1.0,1.0,0.6,0.375,0.722726572644952,1.0,1.0,0.2916666666666667,0.4484848484848485,1.0,1.0,1.0,1.0
LightRAG,1023,0.20000000000000004,1.0,1.0,1.0,0.20000000000000004,1.0,0.6309297535714575,0.5,0.5,1.0,0.6666666666666666,1.0,1.0,1.0,1.0
LightRAG,1040,0.20000000000000004,1.0,0.5,0.3333333333333333,0.0,0.0,0.0,0.0,0.0,0.0,0.0,0.0,0.0,0.0,1.0
LightRAG,1045,0.20000000000000004,1.0,1.0,1.0,0.8000000000000002,1.0,1.0,1.0,1.0,0.5,0.6666666666666666,1.0,1.0,1.0,1.0
LightRAG,1050,0.20000000000000004,1.0,1.0,1.0,0.20000000000000004,0.5,0.38685280723454163,0.5,1.0,0.5,0.6666666666666666,0.0,1.0,0.0,1.0
LightRAG,108,0.6,1.0,1.0,1.0,0.6,0.3333333333333333,0.6992148198508502,1.0,1.0,0.2962962962962963,0.45454545454545453,1.0,1.0,1.0,1.0
LightRAG,1084,0.20000000000000004,1.0,1.0,1.0,0.0,0.0,0.0,0.14285714285714285,0.0,0.0,0.0,0.0,0.0,0.0,1.0
LightRAG,109,0.20000000000000004,1.0,1.0,1.0,0.20000000000000004,1.0,1.0,1.0,1.0,1.0,1.0,1.0,1.0,1.0,1.0
LightRAG,1090,0.20000000000000004,1.0,1.0,1.0,0.0,0.0,0.0,0.16666666666666666,0.0,0.0,0.0,0.0,1.0,0.0,1.0
LightRAG,1105,0.20000000000000004,1.0,1.0,1.0,0.20000000000000004,0.3333333333333333,0.46927872602275644,1.0,0.5,0.3333333333333333,0.4000000000000001,1.0,1.0,1.0,1.0
LightRAG,1141,0.20000000000000004,1.0,1.0,1.0,0.6,1.0,0.6797310500037655,0.5,1.0,1.0,1.0,1.0,1.0,1.0,1.0
LightRAG,1142,0.20000000000000004,1.0,1.0,1.0,0.0,0.0,0.0,0.05263157894736842,0.0,0.0,0.0,0.0,1.0,0.0,1.0
LightRAG,1145,0.20000000000000004,1.0,1.0,1.0,0.6,1.0,0.8854598815714874,1.0,0.9166666666666666,1.0,0.9523809523809524,1.0,0.0,0.0,1.0
LightRAG,1153,0.20000000000000004,1.0,1.0,1.0,0.4000000000000001,1.0,0.9197207891481876,1.0,0.5,0.8333333333333334,0.611111111111111,1.0,1.0,1.0,1.0
LightRAG,1158,0.20000000000000004,1.0,1.0,1.0,0.20000000000000004,1.0,1.0,1.0,1.0,1.0,1.0,1.0,1.0,1.0,1.0
LightRAG,116,0.20000000000000004,1.0,1.0,1.0,0.0,0.0,0.0,0.14285714285714285,0.0,0.0,0.0,0.0,0.0,0.0,1.0
LightRAG,1171,0.20000000000000004,1.0,1.0,1.0,0.4000000000000001,1.0,1.0,1.0,1.0,1.0,1.0,1.0,1.0,1.0,1.0
LightRAG,1210,0.20000000000000004,1.0,1.0,1.0,0.20000000000000004,1.0,0.5,0.3333333333333333,0.3333333333333333,1.0,0.5,1.0,1.0,1.0,1.0
LightRAG,122,0.20000000000000004,1.0,1.0,1.0,0.20000000000000004,1.0,0.6309297535714575,0.5,0.8333333333333334,1.0,0.8888888888888888,1.0,1.0,1.0,1.0
LightRAG,1227,0.20000000000000004,1.0,1.0,1.0,0.20000000000000004,1.0,1.0,1.0,1.0,1.0,1.0,1.0,1.0,1.0,1.0
LightRAG,1234,0.20000000000000004,1.0,1.0,1.0,0.20000000000000004,1.0,1.0,1.0,0.5,1.0,0.6666666666666666,1.0,1.0,1.0,1.0
LightRAG,1238,0.20000000000000004,1.0,1.0,1.0,0.20000000000000004,1.0,1.0,1.0,1.0,1.0,1.0,1.0,1.0,1.0,1.0
LightRAG,1258,0.20000000000000004,1.0,0.6309297535714575,0.5,0.20000000000000004,1.0,0.6309297535714575,0.5,1.0,1.0,1.0,1.0,0.0,0.0,1.0
LightRAG,1265,0.20000000000000004,1.0,1.0,1.0,0.4000000000000001,1.0,1.0,1.0,1.0,1.0,1.0,1.0,1.0,1.0,1.0
LightRAG,1276,0.20000000000000004,1.0,1.0,1.0,0.20000000000000004,1.0,0.6309297535714575,0.5,1.0,1.0,1.0,1.0,1.0,1.0,1.0
LightRAG,1311,0.20000000000000004,1.0,1.0,1.0,0.20000000000000004,0.20000000000000004,0.3391602052736162,1.0,0.4444444444444444,0.20000000000000004,0.27380952380952384,1.0,1.0,1.0,1.0
LightRAG,1312,0.20000000000000004,1.0,1.0,1.0,0.20000000000000004,1.0,1.0,1.0,1.0,1.0,1.0,1.0,1.0,1.0,1.0
LightRAG,1324,0.20000000000000004,1.0,1.0,1.0,0.4000000000000001,1.0,0.9197207891481876,1.0,0.5,0.5,0.5,1.0,1.0,1.0,1.0
LightRAG,1333,0.20000000000000004,1.0,1.0,1.0,0.20000000000000004,1.0,1.0,1.0,0.4444444444444444,1.0,0.611111111111111,1.0,1.0,1.0,1.0
LightRAG,1355,0.20000000000000004,1.0,1.0,1.0,0.20000000000000004,1.0,1.0,1.0,1.0,1.0,1.0,1.0,1.0,1.0,1.0
LightRAG,1360,0.20000000000000004,1.0,1.0,1.0,0.20000000000000004,1.0,1.0,1.0,0.5,1.0,0.6666666666666666,1.0,1.0,1.0,1.0
LightRAG,1366,0.20000000000000004,1.0,1.0,1.0,0.4000000000000001,1.0,0.8772153153380492,1.0,0.5,1.0,0.6666666666666666,1.0,1.0,1.0,1.0
LightRAG,1367,0.20000000000000004,1.0,1.0,1.0,0.4000000000000001,1.0,0.5012658353418871,0.25,0.6666666666666666,1.0,0.8000000000000002,1.0,1.0,1.0,1.0
LightRAG,1373,0.20000000000000004,1.0,1.0,1.0,0.8000000000000002,1.0,0.7606395682357036,0.5,1.0,0.6666666666666666,0.7936507936507936,1.0,1.0,1.0,1.0
LightRAG,1381,0.20000000000000004,1.0,1.0,1.0,0.4000000000000001,1.0,0.9197207891481876,1.0,0.5,0.5,0.5,1.0,1.0,1.0,1.0
LightRAG,1391,0.20000000000000004,1.0,1.0,1.0,0.20000000000000004,1.0,0.5,0.3333333333333333,0.4166666666666667,1.0,0.5777777777777778,1.0,1.0,1.0,1.0
LightRAG,1393,0.20000000000000004,1.0,1.0,1.0,0.20000000000000004,1.0,1.0,1.0,1.0,1.0,1.0,1.0,1.0,1.0,1.0
LightRAG,1406,0.20000000000000004,1.0,1.0,1.0,0.20000000000000004,1.0,1.0,1.0,0.5,1.0,0.6666666666666666,1.0,1.0,1.0,1.0
LightRAG,144,0.0,0.0,0.0,0.0,0.0,0.0,0.0,0.0,0.0,0.0,0.0,0.0,0.0,0.0,1.0
LightRAG,152,0.20000000000000004,1.0,1.0,1.0,0.4000000000000001,1.0,0.6934264036172708,0.5,0.5555555555555555,0.6666666666666666,0.6,1.0,0.0,0.0,1.0
LightRAG,156,0.20000000000000004,1.0,0.6309297535714575,0.5,0.0,0.0,0.0,0.14285714285714285,0.0,0.0,0.0,0.0,1.0,0.0,1.0
LightRAG,157,0.20000000000000004,1.0,1.0,1.0,0.20000000000000004,1.0,1.0,1.0,1.0,1.0,1.0,1.0,1.0,1.0,1.0
LightRAG,166,0.20000000000000004,1.0,1.0,1.0,0.20000000000000004,0.5,0.23719771276929622,0.20000000000000004,0.5,0.5,0.5,1.0,1.0,1.0,1.0
LightRAG,178,0.6,0.75,0.75369761125927,1.0,0.4000000000000001,0.2857142857142857,0.27727342735504823,0.25,1.0,0.2857142857142857,0.4444444444444445,1.0,1.0,1.0,1.0
LightRAG,203,0.20000000000000004,1.0,1.0,1.0,0.8000000000000002,0.8000000000000002,0.7860137352654725,1.0,1.0,0.6,0.7499999999999999,1.0,1.0,1.0,1.0
LightRAG,22,0.20000000000000004,1.0,1.0,1.0,0.20000000000000004,1.0,1.0,1.0,0.8333333333333334,1.0,0.8888888888888888,1.0,1.0,1.0,1.0
LightRAG,235,0.20000000000000004,1.0,1.0,1.0,0.4000000000000001,0.6666666666666666,0.7653606369886217,1.0,0.6666666666666666,0.6666666666666666,0.6666666666666666,1.0,1.0,1.0,1.0
LightRAG,242,0.20000000000000004,1.0,1.0,1.0,0.20000000000000004,1.0,0.6309297535714575,0.5,0.5,1.0,0.6666666666666666,1.0,1.0,1.0,1.0
LightRAG,245,0.20000000000000004,1.0,1.0,1.0,0.0,0.0,0.0,0.1111111111111111,0.0,0.0,0.0,0.0,1.0,0.0,1.0
LightRAG,256,0.20000000000000004,1.0,1.0,1.0,0.0,0.0,0.0,0.0,0.0,0.0,0.0,0.0,0.0,0.0,1.0
LightRAG,283,0.20000000000000004,1.0,1.0,1.0,0.20000000000000004,1.0,1.0,1.0,0.5,1.0,0.6666666666666666,1.0,1.0,1.0,1.0
LightRAG,290,0.20000000000000004,1.0,1.0,1.0,0.20000000000000004,0.3333333333333333,0.46927872602275644,1.0,1.0,0.3333333333333333,0.5,1.0,1.0,1.0,1.0
LightRAG,308,0.20000000000000004,1.0,1.0,1.0,0.6,1.0,1.0,1.0,1.0,0.3333333333333333,0.5,1.0,1.0,1.0,1.0
LightRAG,330,0.20000000000000004,1.0,1.0,1.0,0.20000000000000004,1.0,1.0,1.0,1.0,1.0,1.0,1.0,1.0,1.0,1.0
LightRAG,331,0.20000000000000004,1.0,1.0,1.0,0.20000000000000004,1.0,1.0,1.0,0.5,1.0,0.6666666666666666,1.0,1.0,1.0,1.0
LightRAG,332,0.20000000000000004,1.0,1.0,1.0,0.4000000000000001,1.0,1.0,1.0,1.0,1.0,1.0,1.0,1.0,1.0,1.0
LightRAG,334,0.20000000000000004,1.0,1.0,1.0,0.4000000000000001,0.6666666666666666,0.5307212739772434,0.5,0.5,0.3333333333333333,0.4000000000000001,1.0,1.0,1.0,1.0
LightRAG,339,0.20000000000000004,1.0,1.0,1.0,0.4000000000000001,0.5,0.6366824387328317,1.0,1.0,0.5,0.6666666666666666,1.0,1.0,1.0,1.0
LightRAG,340,0.20000000000000004,1.0,1.0,1.0,0.4000000000000001,0.6666666666666666,0.5307212739772434,0.5,1.0,0.6666666666666666,0.8000000000000002,1.0,1.0,1.0,1.0
LightRAG,342,0.20000000000000004,1.0,0.6309297535714575,0.5,0.0,0.0,0.0,0.021954236239950523,0.0,0.0,0.0,0.0,1.0,0.0,1.0
LightRAG,366,0.20000000000000004,1.0,1.0,1.0,0.20000000000000004,1.0,1.0,1.0,1.0,1.0,1.0,1.0,0.0,0.0,1.0
LightRAG,381,0.20000000000000004,1.0,1.0,1.0,0.20000000000000004,0.5,0.23719771276929622,0.20000000000000004,0.0,0.0,0.0,0.0,1.0,0.0,1.0
LightRAG,382,0.20000000000000004,1.0,1.0,1.0,0.4000000000000001,0.5,0.6366824387328317,1.0,0.5,0.5,0.5,0.0,0.0,0.0,1.0
LightRAG,396,0.20000000000000004,1.0,1.0,1.0,0.20000000000000004,0.3333333333333333,0.2960819109658652,0.5,1.0,0.3333333333333333,0.5,1.0,1.0,1.0,1.0
LightRAG,400,0.20000000000000004,1.0,1.0,1.0,0.4000000000000001,1.0,0.8503449055347546,1.0,1.0,1.0,1.0,1.0,1.0,1.0,1.0
LightRAG,414,0.20000000000000004,1.0,0.5,0.3333333333333333,0.20000000000000004,1.0,0.5,0.3333333333333333,0.5,1.0,0.6666666666666666,1.0,1.0,1.0,1.0
LightRAG,430,0.20000000000000004,1.0,0.6309297535714575,0.5,0.0,0.0,0.0,0.0,0.0,0.0,0.0,0.0,1.0,0.0,1.0
LightRAG,441,0.20000000000000004,1.0,1.0,1.0,0.20000000000000004,1.0,0.6309297535714575,0.5,0.0,0.0,0.0,0.0,0.0,0.0,1.0
LightRAG,46,0.20000000000000004,1.0,1.0,1.0,0.20000000000000004,1.0,1.0,1.0,0.5,1.0,0.6666666666666666,1.0,1.0,1.0,1.0
LightRAG,466,0.20000000000000004,1.0,1.0,1.0,0.4000000000000001,0.6666666666666666,0.6713860725233042,1.0,0.3333333333333333,0.2222222222222222,0.26666666666666666,0.0,1.0,0.0,1.0
LightRAG,47,0.20000000000000004,1.0,1.0,1.0,0.20000000000000004,1.0,1.0,1.0,0.4444444444444444,1.0,0.611111111111111,1.0,1.0,1.0,1.0
LightRAG,482,0.20000000000000004,1.0,1.0,1.0,0.20000000000000004,1.0,0.6309297535714575,0.5,0.5,1.0,0.6666666666666666,1.0,1.0,1.0,1.0
LightRAG,500,0.20000000000000004,1.0,1.0,1.0,0.20000000000000004,1.0,0.5,0.3333333333333333,0.5,1.0,0.6666666666666666,1.0,1.0,1.0,1.0
LightRAG,505,0.20000000000000004,1.0,1.0,1.0,0.4000000000000001,1.0,0.9197207891481876,1.0,0.6666666666666666,1.0,0.8000000000000002,1.0,1.0,1.0,1.0
LightRAG,515,0.20000000000000004,1.0,1.0,1.0,0.20000000000000004,0.5,0.6131471927654584,1.0,0.5,0.5,0.5,1.0,1.0,1.0,1.0
LightRAG,531,0.6,1.0,0.9674679834891693,1.0,0.6,1.0,0.9674679834891693,1.0,0.75,1.0,0.8571428571428571,1.0,1.0,1.0,1.0
LightRAG,541,0.4000000000000001,1.0,1.0,1.0,0.4000000000000001,0.6666666666666666,0.5307212739772434,0.5,1.0,0.6666666666666666,0.8000000000000002,1.0,1.0,1.0,1.0
LightRAG,547,0.20000000000000004,1.0,1.0,1.0,0.4000000000000001,1.0,1.0,1.0,1.0,1.0,1.0,1.0,1.0,1.0,1.0
LightRAG,548,0.20000000000000004,1.0,1.0,1.0,0.20000000000000004,0.3333333333333333,0.2960819109658652,0.5,0.5,0.3333333333333333,0.4000000000000001,1.0,1.0,1.0,1.0
LightRAG,55,0.20000000000000004,1.0,0.6309297535714575,0.5,0.6,1.0,0.7122630665145961,0.5,0.6666666666666666,0.6666666666666666,0.6666666666666666,1.0,1.0,1.0,1.0
LightRAG,562,0.20000000000000004,1.0,1.0,1.0,0.0,0.0,0.0,0.0,0.0,0.0,0.0,0.0,0.0,0.0,1.0
LightRAG,566,0.20000000000000004,1.0,1.0,1.0,0.8000000000000002,1.0,0.9828920819566879,1.0,1.0,0.25,0.4000000000000001,1.0,1.0,1.0,1.0
LightRAG,568,0.0,0.0,0.0,0.0,0.0,0.0,0.0,0.16666666666666666,0.0,0.0,0.0,0.0,0.0,0.0,1.0
LightRAG,58,0.20000000000000004,1.0,1.0,1.0,0.20000000000000004,1.0,1.0,1.0,1.0,1.0,1.0,1.0,1.0,1.0,1.0
LightRAG,624,0.20000000000000004,1.0,1.0,1.0,0.4000000000000001,1.0,1.0,1.0,0.5,0.5,0.5,1.0,1.0,1.0,1.0
LightRAG,626,0.20000000000000004,1.0,1.0,1.0,0.20000000000000004,1.0,1.0,1.0,1.0,1.0,1.0,1.0,1.0,1.0,1.0
LightRAG,661,0.20000000000000004,1.0,1.0,1.0,0.4000000000000001,0.6666666666666666,0.7039180890341347,1.0,0.6666666666666666,0.6666666666666666,0.6666666666666666,0.0,1.0,0.0,1.0
LightRAG,665,0.20000000000000004,1.0,1.0,1.0,0.4000000000000001,1.0,0.6934264036172708,0.5,1.0,1.0,1.0,1.0,1.0,1.0,1.0
LightRAG,668,0.20000000000000004,1.0,1.0,1.0,0.6,0.75,0.8318724637288826,1.0,1.0,0.75,0.8571428571428571,1.0,1.0,1.0,1.0
LightRAG,669,0.20000000000000004,1.0,1.0,1.0,0.6,0.75,0.8048099750039491,1.0,1.0,0.75,0.8571428571428571,1.0,1.0,1.0,1.0
LightRAG,71,0.20000000000000004,1.0,1.0,1.0,0.4000000000000001,1.0,0.9197207891481876,1.0,0.8333333333333334,1.0,0.8888888888888888,1.0,0.0,0.0,1.0
LightRAG,749,0.20000000000000004,1.0,0.6309297535714575,0.5,0.20000000000000004,1.0,0.6309297535714575,0.5,0.5,1.0,0.6666666666666666,1.0,1.0,1.0,1.0
LightRAG,76,0.20000000000000004,1.0,1.0,1.0,0.4000000000000001,1.0,0.6934264036172708,0.5,0.611111111111111,0.8333333333333334,0.7000000000000001,1.0,1.0,1.0,1.0
LightRAG,788,0.20000000000000004,1.0,1.0,1.0,0.20000000000000004,1.0,0.43067655807339306,0.25,0.6666666666666666,1.0,0.7777777777777777,1.0,1.0,1.0,1.0
LightRAG,789,0.20000000000000004,1.0,1.0,1.0,0.20000000000000004,0.5,0.23719771276929622,0.20000000000000004,0.0,0.0,0.0,0.0,0.0,0.0,1.0
LightRAG,797,0.20000000000000004,1.0,0.6309297535714575,0.5,0.20000000000000004,1.0,0.6309297535714575,0.5,0.5,1.0,0.6666666666666666,1.0,1.0,1.0,1.0
LightRAG,802,0.20000000000000004,1.0,1.0,1.0,0.20000000000000004,0.5,0.38685280723454163,0.5,0.3333333333333333,0.5,0.4000000000000001,1.0,1.0,1.0,1.0
LightRAG,807,0.20000000000000004,1.0,1.0,1.0,0.20000000000000004,1.0,0.5,0.3333333333333333,0.0,0.0,0.0,0.0,0.0,0.0,1.0
LightRAG,812,0.20000000000000004,1.0,1.0,1.0,0.20000000000000004,0.3333333333333333,0.23463936301137822,0.3333333333333333,0.5,0.3333333333333333,0.4000000000000001,0.0,1.0,0.0,1.0
LightRAG,841,0.20000000000000004,1.0,1.0,1.0,0.0,0.0,0.0,0.1111111111111111,0.0,0.0,0.0,0.0,0.0,0.0,1.0
LightRAG,856,0.20000000000000004,1.0,1.0,1.0,0.0,0.0,0.0,0.043478260869565216,0.0,0.0,0.0,0.0,1.0,0.0,1.0
LightRAG,857,0.20000000000000004,1.0,0.6309297535714575,0.5,0.0,0.0,0.0,0.05555555555555555,0.0,0.0,0.0,0.0,1.0,0.0,1.0
LightRAG,86,0.4000000000000001,1.0,0.9197207891481876,1.0,0.4000000000000001,1.0,0.9197207891481876,1.0,1.0,1.0,1.0,1.0,1.0,1.0,1.0
LightRAG,881,0.20000000000000004,1.0,1.0,1.0,0.20000000000000004,1.0,1.0,1.0,1.0,1.0,1.0,1.0,1.0,1.0,1.0
LightRAG,883,0.20000000000000004,1.0,1.0,1.0,0.20000000000000004,1.0,1.0,1.0,1.0,1.0,1.0,1.0,1.0,1.0,1.0
LightRAG,885,0.20000000000000004,1.0,1.0,1.0,0.20000000000000004,0.5,0.6131471927654584,1.0,0.5,0.5,0.5,1.0,1.0,1.0,1.0
LightRAG,909,0.20000000000000004,1.0,0.6309297535714575,0.5,0.4000000000000001,1.0,0.5012658353418871,0.25,0.6666666666666666,1.0,0.8000000000000002,1.0,1.0,1.0,1.0
LightRAG,923,0.20000000000000004,1.0,1.0,1.0,0.4000000000000001,1.0,0.8772153153380492,1.0,1.0,1.0,1.0,1.0,1.0,1.0,1.0
LightRAG,928,0.20000000000000004,1.0,1.0,1.0,0.20000000000000004,0.3333333333333333,0.18154179253735267,0.20000000000000004,1.0,0.3333333333333333,0.5,1.0,1.0,1.0,1.0
LightRAG,930,0.20000000000000004,1.0,1.0,1.0,0.20000000000000004,1.0,1.0,1.0,1.0,1.0,1.0,1.0,1.0,1.0,1.0
LightRAG,941,0.20000000000000004,1.0,1.0,1.0,0.20000000000000004,0.5,0.6131471927654584,1.0,0.5,0.5,0.5,1.0,1.0,1.0,1.0
LightRAG,942,0.20000000000000004,1.0,1.0,1.0,0.20000000000000004,1.0,1.0,1.0,0.3333333333333333,1.0,0.5,1.0,0.0,0.0,1.0
LightRAG,955,0.4000000000000001,1.0,1.0,1.0,0.4000000000000001,1.0,0.8772153153380492,1.0,1.0,1.0,1.0,1.0,1.0,1.0,1.0
LightRAG,965,0.20000000000000004,1.0,1.0,1.0,0.4000000000000001,0.6666666666666666,0.6713860725233042,1.0,0.6666666666666666,0.6666666666666666,0.6666666666666666,1.0,1.0,1.0,1.0
LightRAG,977,0.0,0.0,0.0,0.0,0.0,0.0,0.0,0.0,0.0,0.0,0.0,0.0,1.0,0.0,1.0
LightRAG,984,0.20000000000000004,1.0,1.0,1.0,0.20000000000000004,1.0,0.5,0.3333333333333333,0.5,1.0,0.6666666666666666,1.0,1.0,1.0,1.0
LightRAG,990,0.20000000000000004,1.0,1.0,1.0,0.20000000000000004,1.0,1.0,1.0,1.0,1.0,1.0,1.0,1.0,1.0,1.0
LightRAG,994,0.20000000000000004,1.0,0.6309297535714575,0.5,0.20000000000000004,1.0,0.5,0.3333333333333333,1.0,1.0,1.0,1.0,1.0,1.0,1.0
